"","cl"
"AT1G02220",1
"AT1G02400",1
"AT1G02450",2
"AT1G02660",2
"AT1G02880",2
"AT1G03050",2
"AT1G03230",2
"AT1G03370",2
"AT1G03502-AT1G03506-AT1G04187-AT1G04193-AT1G04197",2
"AT1G03730",2
"AT1G03740",2
"AT1G03850",2
"AT1G03905",2
"AT1G04100",2
"AT1G04360",2
"AT1G04977",2
"AT1G05000",2
"AT1G05260",2
"AT1G05620",2
"AT1G05630",3
"AT1G06135",2
"AT1G06983",2
"AT1G07020",2
"AT1G07030",2
"AT1G07128",2
"AT1G07130",2
"AT1G07240",1
"AT1G07520",2
"AT1G07900",2
"AT1G08290",2
"AT1G08387",1
"AT1G08450",2
"AT1G08925",2
"AT1G09070",3
"AT1G09250",2
"AT1G09617",2
"AT1G09715",2
"AT1G09727",2
"AT1G09745",2
"AT1G09930",2
"AT1G10050",2
"AT1G10070",1
"AT1G10586",2
"AT1G11050",2
"AT1G11100",2
"AT1G11200",2
"AT1G11300",2
"AT1G11310",2
"AT1G11320",2
"AT1G11330",2
"AT1G11905",2
"AT1G12360",2
"AT1G12420",2
"AT1G12760",2
"AT1G13190",3
"AT1G13470",2
"AT1G14040",2
"AT1G14080",2
"AT1G14370",2
"AT1G14640-AT1G14642",2
"AT1G14880",2
"AT1G15385",2
"AT1G16130",2
"AT1G16220",2
"AT1G16370",1
"AT1G17060",1
"AT1G17145-AT1G17147",2
"AT1G17420",2
"AT1G17500",2
"AT1G17820",4
"AT1G17890",2
"AT1G17990",2
"AT1G18740",2
"AT1G19300",2
"AT1G19360",2
"AT1G19380",2
"AT1G19670",2
"AT1G19770",2
"AT1G20510",2
"AT1G20780",2
"AT1G21100",2
"AT1G21250",2
"AT1G21270",2
"AT1G21326",2
"AT1G21370",2
"AT1G21520",2
"AT1G22650",3
"AT1G22885",2
"AT1G23830",2
"AT1G23840",2
"AT1G24095",2
"AT1G24145",2
"AT1G24147",2
"AT1G24150",2
"AT1G25275",2
"AT1G25422",1
"AT1G25500",2
"AT1G26270",1
"AT1G27330",2
"AT1G27350",2
"AT1G27770",2
"AT1G28380",2
"AT1G28390",2
"AT1G29300",2
"AT1G29330",2
"AT1G29965",2
"AT1G30320",2
"AT1G30757",2
"AT1G30850",2
"AT1G30900",2
"AT1G31130",2
"AT1G31540",2
"AT1G32127",2
"AT1G32460",2
"AT1G32680",1
"AT1G32690",2
"AT1G32950",2
"AT1G33090",2
"AT1G33110",2
"AT1G33610",2
"AT1G33960",2
"AT1G34180",2
"AT1G34370",2
"AT1G34420",2
"AT1G34750",2
"AT1G35710",2
"AT1G35910",2
"AT1G36610",2
"AT1G36620",2
"AT1G36640",2
"AT1G43000",2
"AT1G43160",2
"AT1G45145",2
"AT1G47130",2
"AT1G47510",2
"AT1G48040",2
"AT1G48210",1
"AT1G48605",2
"AT1G48850",2
"AT1G49000",2
"AT1G49050",2
"AT1G49780",2
"AT1G50740",2
"AT1G50745",2
"AT1G50745-AT1G50750",2
"AT1G50750",2
"AT1G51780",3
"AT1G51790",2
"AT1G51800",2
"AT1G51820",2
"AT1G51850",2
"AT1G51860",2
"AT1G52890",2
"AT1G53233",4
"AT1G53390",2
"AT1G53920",2
"AT1G54000",2
"AT1G54090",2
"AT1G54095",2
"AT1G55210",2
"AT1G55365",2
"AT1G56130",2
"AT1G56540",2
"AT1G56550",2
"AT1G56660",3
"AT1G57610",2
"AT1G58420",2
"AT1G58590",1
"AT1G58602",2
"AT1G59710",2
"AT1G59740",1
"AT1G59860",2
"AT1G59865",2
"AT1G59910",2
"AT1G60440",2
"AT1G61110",2
"AT1G61140",2
"AT1G61260",2
"AT1G61340",2
"AT1G61430",2
"AT1G61470",2
"AT1G61800",2
"AT1G62305",2
"AT1G62840",2
"AT1G63750",2
"AT1G63830",1
"AT1G63840",2
"AT1G64280",2
"AT1G65490",3
"AT1G65500",2
"AT1G65520",2
"AT1G65790",2
"AT1G65840",1
"AT1G66500",2
"AT1G66560",2
"AT1G66680",2
"AT1G66920",2
"AT1G67060",2
"AT1G67070",2
"AT1G67470",2
"AT1G67650",2
"AT1G67800",2
"AT1G67850",2
"AT1G67920",2
"AT1G67970",1
"AT1G68460",2
"AT1G68500",5
"AT1G69150",2
"AT1G69280",2
"AT1G69572",1
"AT1G69750",2
"AT1G69840",2
"AT1G69960",2
"AT1G70130",2
"AT1G70140",2
"AT1G70480",2
"AT1G70690",2
"AT1G70700",1
"AT1G70740",2
"AT1G70780",2
"AT1G71697",3
"AT1G72120",2
"AT1G72125",2
"AT1G72220",2
"AT1G72750",2
"AT1G72910",2
"AT1G72940",2
"AT1G73250",2
"AT1G73260",2
"AT1G73540",3
"AT1G73740",3
"AT1G73805",2
"AT1G74010",1
"AT1G74020",2
"AT1G74790",3
"AT1G74950",2
"AT1G75170",2
"AT1G76250",2
"AT1G76480",2
"AT1G76700",2
"AT1G77360",2
"AT1G77890",2
"AT1G78380",2
"AT1G78830",2
"AT1G78850",2
"AT1G78860",1
"AT1G79245",2
"AT1G79670",2
"AT1G79690",2
"AT1G80440",2
"AT1G80510",2
"AT1G80590",2
"AT2G01650",2
"AT2G02220",2
"AT2G02540",4
"AT2G02810",2
"AT2G02860",2
"AT2G02870",2
"AT2G03530-AT2G03540",2
"AT2G03760",2
"AT2G04100",2
"AT2G05260",2
"AT2G05440",1
"AT2G05875",2
"AT2G05940",2
"AT2G07723-AT2G07815",2
"AT2G11520",2
"AT2G13790",2
"AT2G15042",2
"AT2G15340",2
"AT2G15780",2
"AT2G16060",2
"AT2G17110",2
"AT2G17120",2
"AT2G17130",2
"AT2G17220",2
"AT2G17290",2
"AT2G17420",2
"AT2G17760",2
"AT2G18000",2
"AT2G18680",2
"AT2G19130",2
"AT2G19160",2
"AT2G19710",2
"AT2G19880",2
"AT2G20010",2
"AT2G20780",1
"AT2G20960",2
"AT2G21120",2
"AT2G21850",2
"AT2G22330",1
"AT2G22470",2
"AT2G23290",2
"AT2G23330",2
"AT2G23450",2
"AT2G24160",2
"AT2G24165",2
"AT2G24195",2
"AT2G24570",2
"AT2G25090",1
"AT2G25215",2
"AT2G25260",2
"AT2G25810",3
"AT2G26150",2
"AT2G26310",2
"AT2G26400",2
"AT2G26440",2
"AT2G26480",2
"AT2G27660",2
"AT2G28160",2
"AT2G28400",1
"AT2G28570",2
"AT2G28940",2
"AT2G29120",3
"AT2G29165",2
"AT2G29170",2
"AT2G29400",2
"AT2G29440",1
"AT2G29450",1
"AT2G29480-AT2G29490",1
"AT2G29940",2
"AT2G30250",2
"AT2G30250-AT2G30260",2
"AT2G30360",2
"AT2G30362",2
"AT2G30440",2
"AT2G30640",2
"AT2G31570",2
"AT2G31990",2
"AT2G32190",2
"AT2G32200",2
"AT2G32210",2
"AT2G33110",2
"AT2G33120",2
"AT2G33840-AT2G33845",1
"AT2G34360",2
"AT2G34580",2
"AT2G34600",2
"AT2G34810",1
"AT2G34940",2
"AT2G35000",2
"AT2G35710",2
"AT2G36380",2
"AT2G36440",2
"AT2G36470",1
"AT2G36630",3
"AT2G37540",1
"AT2G37710",2
"AT2G37970",3
"AT2G38240",2
"AT2G38360",2
"AT2G38380",5
"AT2G38490",2
"AT2G38610",2
"AT2G38760",3
"AT2G38790",2
"AT2G38870",2
"AT2G38960",2
"AT2G39400",2
"AT2G39420",2
"AT2G39518",2
"AT2G39710",2
"AT2G40000",2
"AT2G40180",2
"AT2G40750",2
"AT2G41410",2
"AT2G42650",2
"AT2G42990",2
"AT2G43160",2
"AT2G44010",2
"AT2G44280",2
"AT2G44290",2
"AT2G44490",2
"AT2G44500",2
"AT2G44600",1
"AT2G44840",3
"AT2G45580",2
"AT2G46400",2
"AT2G46430",2
"AT2G46440",2
"AT2G46500",2
"AT2G46750",2
"AT2G47130",2
"AT2G47140",2
"AT2G47190",2
"AT2G47550",2
"AT2G47730",2
"AT3G00400",2
"AT3G00740",1
"AT3G00850",2
"AT3G01080",2
"AT3G01720",2
"AT3G01990",2
"AT3G02070",2
"AT3G02150",2
"AT3G02230",2
"AT3G02360",2
"AT3G02520",2
"AT3G02880",2
"AT3G02945-AT3G14460",2
"AT3G03610",2
"AT3G03670",2
"AT3G04200",2
"AT3G04580",2
"AT3G04630",2
"AT3G05370",2
"AT3G05580",2
"AT3G05710",2
"AT3G05830",2
"AT3G06500",2
"AT3G06890",2
"AT3G07090",3
"AT3G07255",2
"AT3G07580",2
"AT3G08710",2
"AT3G08970",2
"AT3G09020",2
"AT3G09350",2
"AT3G09490",2
"AT3G09520",2
"AT3G09570",2
"AT3G09810",2
"AT3G09960",2
"AT3G10930",2
"AT3G11010",2
"AT3G11040",2
"AT3G11080",2
"AT3G11150",2
"AT3G11170",3
"AT3G11402",2
"AT3G11480",2
"AT3G11570",2
"AT3G13050",2
"AT3G13276-AT3G13277",2
"AT3G13600",1
"AT3G13850",2
"AT3G13910",2
"AT3G13965",2
"AT3G14200",2
"AT3G14630",2
"AT3G14770",1
"AT3G14840",2
"AT3G15060",2
"AT3G15990",2
"AT3G16030",2
"AT3G16150",2
"AT3G16565",1
"AT3G17240",2
"AT3G17410",2
"AT3G17609",3
"AT3G17700",2
"AT3G18690",2
"AT3G18710",2
"AT3G18930",1
"AT3G19660",2
"AT3G20600",2
"AT3G21070",2
"AT3G21230",2
"AT3G21630",2
"AT3G21780",2
"AT3G22231",2
"AT3G22235",2
"AT3G22240",2
"AT3G22260",2
"AT3G22370",2
"AT3G23010",2
"AT3G23120",2
"AT3G23170",2
"AT3G23440",3
"AT3G23560",2
"AT3G24090",2
"AT3G24530",2
"AT3G24550",2
"AT3G24982",2
"AT3G25070",2
"AT3G25240",2
"AT3G25600",2
"AT3G25880-AT3G25882",2
"AT3G26020",2
"AT3G26090",2
"AT3G26210",2
"AT3G27330",2
"AT3G28180",2
"AT3G28450",2
"AT3G28940",2
"AT3G29000",2
"AT3G29250",2
"AT3G30120",2
"AT3G44110",2
"AT3G44260",2
"AT3G44326",2
"AT3G44400",2
"AT3G44860",3
"AT3G45040",2
"AT3G45640",2
"AT3G46080",1
"AT3G46620",2
"AT3G46700",2
"AT3G47040",2
"AT3G47550",1
"AT3G47780",2
"AT3G47800",1
"AT3G48090",2
"AT3G48780",2
"AT3G49120",2
"AT3G49530",2
"AT3G50060",3
"AT3G50280",2
"AT3G50470",2
"AT3G50910",2
"AT3G50950",2
"AT3G51330",2
"AT3G51440",2
"AT3G51790",2
"AT3G51890",2
"AT3G53720",2
"AT3G54100",2
"AT3G54130",2
"AT3G54810",2
"AT3G55450",1
"AT3G56400",2
"AT3G56710",2
"AT3G56880",1
"AT3G57240",2
"AT3G57280",2
"AT3G57380",2
"AT3G57480",2
"AT3G57530",2
"AT3G57630",3
"AT3G57640",2
"AT3G57700",2
"AT3G57730",2
"AT3G57750",2
"AT3G58490",2
"AT3G59350",1
"AT3G60110",2
"AT3G60415",2
"AT3G61280",2
"AT3G62600",2
"AT3G62690",1
"AT3G62720",2
"AT3G62780",2
"AT3G63310",2
"AT4G00300",2
"AT4G00500",2
"AT4G00955",2
"AT4G01250",2
"AT4G01360",2
"AT4G01700",2
"AT4G01950",1
"AT4G02200",2
"AT4G02380-AT4G04125",2
"AT4G02410",2
"AT4G02420",3
"AT4G02550",1
"AT4G03085-AT4G07200-AT4G07205-AT4G24015",2
"AT4G03320",2
"AT4G04510",2
"AT4G04695",2
"AT4G04800",2
"AT4G06746",2
"AT4G08180",2
"AT4G08230",2
"AT4G08470",2
"AT4G08555",2
"AT4G08850",2
"AT4G09570",2
"AT4G09590",2
"AT4G10040",2
"AT4G10390",1
"AT4G10500",2
"AT4G10960",2
"AT4G10970",2
"AT4G11000",2
"AT4G11300",2
"AT4G11360",1
"AT4G11470",2
"AT4G11500",1
"AT4G11840",2
"AT4G12040",2
"AT4G12250",2
"AT4G12720",2
"AT4G13040",2
"AT4G13180",2
"AT4G14220",2
"AT4G14610",2
"AT4G14640",1
"AT4G14680",2
"AT4G15130",1
"AT4G15233",2
"AT4G15260",2
"AT4G15417",2
"AT4G16146",5
"AT4G16500",1
"AT4G16670",2
"AT4G16730",3
"AT4G16740",5
"AT4G17160",3
"AT4G17230",2
"AT4G17486",2
"AT4G17490",2
"AT4G17900",2
"AT4G18195",2
"AT4G18197",2
"AT4G18205",2
"AT4G18290",2
"AT4G18630",2
"AT4G18880",2
"AT4G19810",2
"AT4G20050",1
"AT4G21120",2
"AT4G21380",2
"AT4G21400",2
"AT4G21534",2
"AT4G21680",2
"AT4G21740",3
"AT4G21920",1
"AT4G22305",2
"AT4G22690",2
"AT4G22780",2
"AT4G23010",2
"AT4G23140",2
"AT4G23170",2
"AT4G23180",2
"AT4G23220",2
"AT4G23230",2
"AT4G23270",2
"AT4G23280",2
"AT4G23320",2
"AT4G23470",2
"AT4G23570",2
"AT4G23610",2
"AT4G23730",2
"AT4G23885",2
"AT4G24000",2
"AT4G24160",2
"AT4G24380",2
"AT4G24970",2
"AT4G25110",2
"AT4G25225",1
"AT4G25380",2
"AT4G25670",2
"AT4G25710",2
"AT4G25710-AT4G25720",2
"AT4G25940",2
"AT4G26060",2
"AT4G26070",2
"AT4G26090",2
"AT4G26690",2
"AT4G27260",1
"AT4G27280",2
"AT4G28140",1
"AT4G28350",2
"AT4G28390",1
"AT4G28703",2
"AT4G29050",2
"AT4G29340",2
"AT4G29740",2
"AT4G29780",2
"AT4G29810",2
"AT4G29850-AT4G29860",2
"AT4G30060",2
"AT4G30210",2
"AT4G30280",2
"AT4G30340",2
"AT4G30350",1
"AT4G30530",1
"AT4G31550",2
"AT4G31800",2
"AT4G33420",2
"AT4G33540",2
"AT4G33770",2
"AT4G34150",2
"AT4G34180",2
"AT4G34230",1
"AT4G34250",4
"AT4G34380",2
"AT4G34710",2
"AT4G35310",2
"AT4G35480",1
"AT4G35600",2
"AT4G36020",2
"AT4G36030",2
"AT4G36090",2
"AT4G36150",2
"AT4G36480",2
"AT4G36550",2
"AT4G37010",2
"AT4G37260",1
"AT4G37430",2
"AT4G38550",2
"AT4G38560",2
"AT4G38940",2
"AT4G39390",2
"AT4G39580",2
"AT4G39820",2
"AT4G39890",2
"AT4G40080",2
"AT5G00550-AT5G05785",2
"AT5G01340",2
"AT5G01380",2
"AT5G01540",2
"AT5G01550",2
"AT5G01950",2
"AT5G02100",1
"AT5G02320",3
"AT5G03320",2
"AT5G03475-AT5G22770",2
"AT5G03490",3
"AT5G03990",2
"AT5G04170",1
"AT5G04340",2
"AT5G04720",2
"AT5G05140",2
"AT5G05190",2
"AT5G05320",2
"AT5G05370",2
"AT5G05460",2
"AT5G05850",2
"AT5G06320",2
"AT5G06860",2
"AT5G07440",2
"AT5G07760",2
"AT5G08300",2
"AT5G08760",2
"AT5G08920",2
"AT5G09470",2
"AT5G09680",2
"AT5G10695",2
"AT5G11000",2
"AT5G11140",2
"AT5G11290",1
"AT5G11650",3
"AT5G11970",2
"AT5G12020",2
"AT5G12300",2
"AT5G12480",2
"AT5G12880",2
"AT5G12940",2
"AT5G13110",2
"AT5G13200",2
"AT5G13500",2
"AT5G14120",2
"AT5G14700",2
"AT5G14760",2
"AT5G15730",2
"AT5G15870",2
"AT5G16080",2
"AT5G16480",2
"AT5G17060",2
"AT5G17280",2
"AT5G17350",2
"AT5G19080",2
"AT5G19240",3
"AT5G19250",2
"AT5G19260",2
"AT5G19980",2
"AT5G20000",2
"AT5G20480",2
"AT5G21940",1
"AT5G22350",2
"AT5G22380",2
"AT5G22570",2
"AT5G23000",2
"AT5G23520",2
"AT5G24205-AT5G24206",2
"AT5G24430",2
"AT5G24470",5
"AT5G24530",2
"AT5G24655",2
"AT5G24810",3
"AT5G25050",2
"AT5G25260",2
"AT5G25440",2
"AT5G26690",2
"AT5G26751",2
"AT5G28830",2
"AT5G33290",2
"AT5G34930",2
"AT5G35200",2
"AT5G36001",5
"AT5G36907",2
"AT5G36925",2
"AT5G37070",2
"AT5G37600",2
"AT5G37840",2
"AT5G38200",2
"AT5G38250",2
"AT5G38990",2
"AT5G39020",2
"AT5G39040",2
"AT5G40170",1
"AT5G40760",1
"AT5G41000",2
"AT5G41080",2
"AT5G41390",2
"AT5G41610",2
"AT5G41680",2
"AT5G41740",2
"AT5G42060-AT5G42070",4
"AT5G42140",2
"AT5G42150",2
"AT5G42440",2
"AT5G43420",2
"AT5G43450",1
"AT5G44060",2
"AT5G44585",2
"AT5G45000",2
"AT5G45110",2
"AT5G46050",2
"AT5G46230",2
"AT5G46770",2
"AT5G47910",2
"AT5G47960",2
"AT5G48070",1
"AT5G48570",2
"AT5G48970",2
"AT5G49480",2
"AT5G49630",3
"AT5G49690",2
"AT5G49760",2
"AT5G50130",1
"AT5G50210",2
"AT5G50560",2
"AT5G50570",2
"AT5G51190",2
"AT5G51570",1
"AT5G51640",2
"AT5G51770",2
"AT5G52020",2
"AT5G52640",2
"AT5G52750",2
"AT5G52810",2
"AT5G53050",2
"AT5G53110",2
"AT5G53560",2
"AT5G54165",2
"AT5G54400",2
"AT5G54510",1
"AT5G54590",2
"AT5G54610",2
"AT5G54650",2
"AT5G54710-AT5G54720",2
"AT5G54840",2
"AT5G54850",2
"AT5G55170",2
"AT5G55450",2
"AT5G55980",2
"AT5G56230",2
"AT5G56750",2
"AT5G56840",2
"AT5G56870",2
"AT5G56980",3
"AT5G57035",2
"AT5G57190",2
"AT5G57490",2
"AT5G57910",1
"AT5G58350",3
"AT5G58375",1
"AT5G58430",2
"AT5G58940",2
"AT5G59420",2
"AT5G59520",2
"AT5G59530",2
"AT5G59680",2
"AT5G59700",2
"AT5G59730",3
"AT5G60800",2
"AT5G60900",2
"AT5G60950",2
"AT5G61210",2
"AT5G61600",2
"AT5G62020",2
"AT5G62480",2
"AT5G62570",2
"AT5G62620",2
"AT5G62680",2
"AT5G62865",2
"AT5G63130",2
"AT5G63270",2
"AT5G63450",1
"AT5G63490",2
"AT5G63880",1
"AT5G64667",2
"AT5G64750",2
"AT5G64900",2
"AT5G65200",2
"AT5G65510",2
"AT5G65980",2
"AT5G66070",2
"AT5G66210",2
"AT5G66650",2
"AT5G66675",2
"AT5G66790",1
"AT5G67450",3
"AT5G67510",2
"AT1G01260",2
"AT1G01440",2
"AT1G01490",3
"AT1G01720",3
"AT1G02230",1
"AT1G02360",2
"AT1G02470-AT1G02475",2
"AT1G04247",3
"AT1G04310",2
"AT1G04353-AT1G05220",2
"AT1G04500",2
"AT1G04780",2
"AT1G04833",2
"AT1G04960",2
"AT1G04980",2
"AT1G05020",2
"AT1G05100",3
"AT1G05323-AT1G05327",2
"AT1G05340",2
"AT1G05680",2
"AT1G06160",2
"AT1G06180",2
"AT1G06290",2
"AT1G06800",2
"AT1G06840",2
"AT1G06870",2
"AT1G06877",2
"AT1G07630",2
"AT1G07890",2
"AT1G08315",2
"AT1G08320",2
"AT1G08510",2
"AT1G08800",1
"AT1G08830",1
"AT1G08973",2
"AT1G09080",2
"AT1G09500",2
"AT1G09645",2
"AT1G09740",2
"AT1G10417",2
"AT1G11580",2
"AT1G11940",1
"AT1G12200",2
"AT1G12320",1
"AT1G13110",2
"AT1G13180",2
"AT1G13245",3
"AT1G14200",2
"AT1G14360",2
"AT1G15120",2
"AT1G15125",2
"AT1G15540",2
"AT1G16300",2
"AT1G16520",2
"AT1G16540",2
"AT1G17020",2
"AT1G17290",2
"AT1G17330",2
"AT1G17744",2
"AT1G18020-AT1G18030",3
"AT1G18200",2
"AT1G18860",2
"AT1G18980",2
"AT1G19130",2
"AT1G19270",1
"AT1G20460",2
"AT1G20630",1
"AT1G20970",2
"AT1G20980",2
"AT1G21010",3
"AT1G21200-AT1G21202",4
"AT1G21390",2
"AT1G21450",2
"AT1G21900",2
"AT1G22360",1
"AT1G22420",2
"AT1G22510",2
"AT1G22840",2
"AT1G23440",2
"AT1G24100",1
"AT1G24350",1
"AT1G24440",2
"AT1G25560",2
"AT1G26340",2
"AT1G26840",1
"AT1G27500",2
"AT1G27980",3
"AT1G28240",2
"AT1G28510",2
"AT1G28520",3
"AT1G29310",2
"AT1G29860",2
"AT1G30040",2
"AT1G30450",2
"AT1G30760",3
"AT1G32380",2
"AT1G32700",2
"AT1G33390",1
"AT1G34300",2
"AT1G35350",2
"AT1G35580",1
"AT1G35670",2
"AT1G36050",2
"AT1G36600",2
"AT1G36990",2
"AT1G45145-AT1G45150",2
"AT1G47560",2
"AT1G47830",2
"AT1G48320",2
"AT1G50360",2
"AT1G50430",2
"AT1G53170",3
"AT1G53180",1
"AT1G54030",2
"AT1G54130",2
"AT1G54170",2
"AT1G55530",2
"AT1G55810",3
"AT1G55920",1
"AT1G55980",3
"AT1G56480",2
"AT1G57560",1
"AT1G57680",2
"AT1G58100",2
"AT1G58190",2
"AT1G58848",3
"AT1G59265",2
"AT1G59970",2
"AT1G60610",2
"AT1G60740",2
"AT1G61660",2
"AT1G62200",2
"AT1G62380",3
"AT1G63350",2
"AT1G64490",3
"AT1G64710",2
"AT1G65040",2
"AT1G65510",2
"AT1G65820",2
"AT1G66370",2
"AT1G66400",2
"AT1G66465",2
"AT1G66760",3
"AT1G66830",1
"AT1G67860",2
"AT1G67880",2
"AT1G68000",2
"AT1G68370",2
"AT1G68410",1
"AT1G68440",3
"AT1G68650",2
"AT1G68690",2
"AT1G68840",3
"AT1G69480",3
"AT1G69490",3
"AT1G69520",2
"AT1G70500",1
"AT1G70520",2
"AT1G70530",2
"AT1G70750",2
"AT1G70990",2
"AT1G71140",2
"AT1G71530",2
"AT1G71697-AT1G71700",2
"AT1G71830",2
"AT1G71940",2
"AT1G72000",2
"AT1G72070",2
"AT1G72330",2
"AT1G72680",2
"AT1G72730",2
"AT1G72760",3
"AT1G72920",2
"AT1G73730",2
"AT1G74170",2
"AT1G74740",2
"AT1G76150",2
"AT1G76390",2
"AT1G76490",2
"AT1G76520",2
"AT1G76680",2
"AT1G76800",3
"AT1G76980",1
"AT1G77510",2
"AT1G77760",1
"AT1G78460",1
"AT1G78895",2
"AT1G79360",2
"AT1G80160",1
"AT1G80190",1
"AT1G80610",2
"AT2G01450",2
"AT2G01540",2
"AT2G01600",2
"AT2G01670",3
"AT2G01818",2
"AT2G01850",3
"AT2G02040",2
"AT2G02330",2
"AT2G02350",2
"AT2G02390",2
"AT2G02730",2
"AT2G03120",2
"AT2G03240",3
"AT2G03360",1
"AT2G03450",2
"AT2G03530",2
"AT2G04050",2
"AT2G04160",2
"AT2G04650",1
"AT2G04725",3
"AT2G06510",1
"AT2G08635",2
"AT2G14610",2
"AT2G15040-AT2G15042",2
"AT2G16720",1
"AT2G16870",2
"AT2G17040",2
"AT2G17520",2
"AT2G17705",2
"AT2G17705-AT2G17710",2
"AT2G18090",2
"AT2G18700",1
"AT2G19570",1
"AT2G20420",2
"AT2G20610",1
"AT2G20950",2
"AT2G21060",1
"AT2G21470",2
"AT2G21520",2
"AT2G21620",1
"AT2G22010",2
"AT2G22300",2
"AT2G22800",3
"AT2G23420",2
"AT2G24100",3
"AT2G24200",2
"AT2G24550",3
"AT2G25110",2
"AT2G25240",1
"AT2G25790",1
"AT2G26170",3
"AT2G27510",2
"AT2G28110",2
"AT2G28130",1
"AT2G28755",1
"AT2G29065",2
"AT2G29300",3
"AT2G29340",3
"AT2G29420",1
"AT2G30550",2
"AT2G31090",2
"AT2G31180",2
"AT2G31230",2
"AT2G31305",2
"AT2G31820",2
"AT2G31955",2
"AT2G32830",2
"AT2G32960",1
"AT2G33080",2
"AT2G33100",2
"AT2G34250",2
"AT2G34790",1
"AT2G35733-AT2G35736",2
"AT2G36500",3
"AT2G36950",2
"AT2G37110",2
"AT2G37150",2
"AT2G37750",2
"AT2G37760",3
"AT2G37770",2
"AT2G38340",2
"AT2G38740",3
"AT2G39030",1
"AT2G39220",2
"AT2G39270",3
"AT2G40090",2
"AT2G40110",2
"AT2G40200",3
"AT2G40290-AT2G40300",2
"AT2G40820",2
"AT2G40940",2
"AT2G41231",1
"AT2G41420",2
"AT2G42950",3
"AT2G43140",2
"AT2G43490",2
"AT2G43620",2
"AT2G43820",3
"AT2G43870",2
"AT2G43932",2
"AT2G44130",1
"AT2G44180",2
"AT2G44480",2
"AT2G44520",2
"AT2G45210",1
"AT2G45450",2
"AT2G46150",2
"AT2G46260",2
"AT2G46320",2
"AT2G46600",2
"AT2G46650",1
"AT2G47270",1
"AT2G47520",2
"AT2G47950",1
"AT2G48010",2
"AT3G00720",2
"AT3G01040",1
"AT3G02240",2
"AT3G02375",1
"AT3G02550",2
"AT3G02610",2
"AT3G02740",2
"AT3G03000",2
"AT3G03310",2
"AT3G03440",3
"AT3G04000",3
"AT3G04080",2
"AT3G04300",2
"AT3G04320",2
"AT3G04695",1
"AT3G05230",2
"AT3G05365",2
"AT3G05390",2
"AT3G06100",2
"AT3G06420",3
"AT3G07370",2
"AT3G07700",3
"AT3G07780",2
"AT3G07785",1
"AT3G07800",2
"AT3G09060",1
"AT3G09870",3
"AT3G09915-AT3G09920",2
"AT3G09920",3
"AT3G10320",2
"AT3G10980",2
"AT3G11320",2
"AT3G11330",2
"AT3G11850",2
"AT3G11900",3
"AT3G12040",2
"AT3G12220",2
"AT3G12360",3
"AT3G12500",2
"AT3G12600",2
"AT3G12630",2
"AT3G12830",1
"AT3G13080",2
"AT3G13100",2
"AT3G13110",2
"AT3G13330",2
"AT3G13782",2
"AT3G14070",1
"AT3G14090",2
"AT3G14850",2
"AT3G15680",2
"AT3G15760",3
"AT3G16220",2
"AT3G16270",2
"AT3G16800",1
"AT3G17420",2
"AT3G17510",3
"AT3G18370",2
"AT3G18560",2
"AT3G18950",3
"AT3G19360",2
"AT3G19910",2
"AT3G20040",2
"AT3G20670",2
"AT3G21150",3
"AT3G21220",2
"AT3G21690",2
"AT3G22890",1
"AT3G22950",2
"AT3G22980",2
"AT3G23150",1
"AT3G23160",1
"AT3G23540",2
"AT3G23570",2
"AT3G23730",2
"AT3G24170",3
"AT3G24420",1
"AT3G24715",2
"AT3G24900",2
"AT3G25010",2
"AT3G26600",2
"AT3G26744",1
"AT3G27290",2
"AT3G27380",2
"AT3G42630-AT3G42640",4
"AT3G43670",2
"AT3G44300",2
"AT3G44320",2
"AT3G45130",2
"AT3G45330",2
"AT3G46670",2
"AT3G47380",1
"AT3G48020",2
"AT3G48080",2
"AT3G48380",2
"AT3G48760",2
"AT3G49160",2
"AT3G49210",2
"AT3G49350",2
"AT3G49570",1
"AT3G50550",2
"AT3G51430",2
"AT3G51860",3
"AT3G51895",3
"AT3G51970",3
"AT3G52360",3
"AT3G52430",2
"AT3G52480",3
"AT3G52930",2
"AT3G53180",3
"AT3G53232",2
"AT3G53670",2
"AT3G53710",2
"AT3G54110",2
"AT3G54120",1
"AT3G54620",2
"AT3G54740",1
"AT3G54960",2
"AT3G55150",2
"AT3G55270",2
"AT3G55560",2
"AT3G55730",2
"AT3G55890",2
"AT3G55890-AT3G55910",2
"AT3G55960",3
"AT3G56200",2
"AT3G56600",2
"AT3G57260",2
"AT3G57390",2
"AT3G57760",2
"AT3G58540",1
"AT3G58710",2
"AT3G58750",1
"AT3G59570",2
"AT3G59750",2
"AT3G59760",2
"AT3G60010",2
"AT3G60680",2
"AT3G60720",3
"AT3G60930",3
"AT3G60966",2
"AT3G61440",2
"AT3G62260",2
"AT3G62420",2
"AT3G62590",2
"AT3G63010",2
"AT3G66654",2
"AT4G00240",2
"AT4G00940",2
"AT4G00955-AT4G00960",3
"AT4G00970",2
"AT4G01370",2
"AT4G01450",3
"AT4G01960",2
"AT4G02350",2
"AT4G02660",2
"AT4G03085",2
"AT4G03110",3
"AT4G04450",2
"AT4G04500",2
"AT4G04610",1
"AT4G05010",2
"AT4G05018",2
"AT4G05100",2
"AT4G05120",2
"AT4G05320",3
"AT4G08290",3
"AT4G08320",2
"AT4G08390",2
"AT4G08500",2
"AT4G10720",2
"AT4G10955-AT4G10960",2
"AT4G11330",3
"AT4G11650",2
"AT4G11670",2
"AT4G12070",1
"AT4G12790",2
"AT4G13110",1
"AT4G13350",2
"AT4G13400",3
"AT4G14410",2
"AT4G14420",2
"AT4G14430",2
"AT4G14950",2
"AT4G15140",2
"AT4G15420",2
"AT4G15550",3
"AT4G15690",1
"AT4G15700",3
"AT4G15760",2
"AT4G16250",2
"AT4G16480",2
"AT4G16660",2
"AT4G17245",3
"AT4G17250",3
"AT4G17650",1
"AT4G18050",2
"AT4G18350",2
"AT4G18580",2
"AT4G18800",1
"AT4G19000",2
"AT4G19410",1
"AT4G19520",2
"AT4G20110",2
"AT4G20460",2
"AT4G21540",2
"AT4G21790",2
"AT4G21990",2
"AT4G22520",2
"AT4G23100",2
"AT4G23215-AT4G23220",2
"AT4G23710",2
"AT4G23850",2
"AT4G24026",2
"AT4G24120",2
"AT4G24400",2
"AT4G24730",2
"AT4G25640",2
"AT4G25690",2
"AT4G26240",2
"AT4G26400",2
"AT4G26940",1
"AT4G27300",3
"AT4G27460",2
"AT4G27830",1
"AT4G27860",1
"AT4G27940",3
"AT4G28340",1
"AT4G29520",2
"AT4G29950",3
"AT4G30160",2
"AT4G30240",1
"AT4G30490",3
"AT4G30500",2
"AT4G30510",1
"AT4G30910",2
"AT4G31500",2
"AT4G31860",2
"AT4G31980",2
"AT4G32070",2
"AT4G32140",2
"AT4G32690",2
"AT4G33100",2
"AT4G33360",2
"AT4G33565",2
"AT4G33930",2
"AT4G34770",3
"AT4G35170",2
"AT4G35460",2
"AT4G35770",2
"AT4G36040",3
"AT4G37120",2
"AT4G37310",2
"AT4G37790",3
"AT4G39570-AT4G39580",2
"AT4G39940",1
"AT5G01500",2
"AT5G01600",2
"AT5G01720",1
"AT5G02020",2
"AT5G02065",3
"AT5G02500",2
"AT5G02895",2
"AT5G03160",2
"AT5G03290",2
"AT5G03390",2
"AT5G03730",2
"AT5G03905",2
"AT5G04540",2
"AT5G04590",1
"AT5G04860",2
"AT5G04870-AT5G04880",2
"AT5G04980",2
"AT5G05590",1
"AT5G05600",1
"AT5G05805-AT5G38747",2
"AT5G05860",3
"AT5G06695",3
"AT5G06811",2
"AT5G06839",2
"AT5G07010",2
"AT5G07405-AT5G07415-AT5G49570",2
"AT5G07730",2
"AT5G07770",2
"AT5G08139",2
"AT5G09165",2
"AT5G09440",1
"AT5G09525",1
"AT5G09790",2
"AT5G09890",2
"AT5G10300",1
"AT5G10625",1
"AT5G11520",2
"AT5G12010",1
"AT5G13100",2
"AT5G13180",1
"AT5G13210",1
"AT5G13370",2
"AT5G13550",1
"AT5G13680",2
"AT5G13750",2
"AT5G13760",2
"AT5G13820",2
"AT5G14330",2
"AT5G14420",2
"AT5G14650",2
"AT5G14730",2
"AT5G14930",2
"AT5G15470",1
"AT5G16200",3
"AT5G16235",2
"AT5G16370",2
"AT5G16800",2
"AT5G16960-AT5G16970",2
"AT5G17780",2
"AT5G17860",2
"AT5G17910",2
"AT5G18070",2
"AT5G18110",2
"AT5G18310",2
"AT5G18600",3
"AT5G20830",1
"AT5G20910",2
"AT5G20950",2
"AT5G21090",1
"AT5G21482",3
"AT5G21960",2
"AT5G22280",2
"AT5G22690",2
"AT5G22860",2
"AT5G24090",3
"AT5G24240",1
"AT5G24260",2
"AT5G24420",2
"AT5G25130",1
"AT5G25180",2
"AT5G25350",2
"AT5G25820",2
"AT5G26030",2
"AT5G26600",2
"AT5G27600",2
"AT5G27830",2
"AT5G28540",2
"AT5G33320",2
"AT5G35370",2
"AT5G35960",2
"AT5G36220",2
"AT5G37240",1
"AT5G37480",2
"AT5G38210",2
"AT5G38530",2
"AT5G38830",2
"AT5G39090",2
"AT5G39580",2
"AT5G39610",2
"AT5G40650",2
"AT5G40730",2
"AT5G40850",2
"AT5G41170",1
"AT5G41990",2
"AT5G42050",2
"AT5G42350",2
"AT5G44240",2
"AT5G44290",2
"AT5G44578",1
"AT5G44610",1
"AT5G44820",2
"AT5G45100",1
"AT5G45130",1
"AT5G45340",3
"AT5G45410",2
"AT5G45440",2
"AT5G45500",2
"AT5G45900",2
"AT5G46100",4
"AT5G46360",2
"AT5G46871",1
"AT5G47130",2
"AT5G47140",2
"AT5G47200",2
"AT5G47420",2
"AT5G48000",2
"AT5G48180",2
"AT5G48560",1
"AT5G48770",3
"AT5G49000",2
"AT5G49665",2
"AT5G50440",1
"AT5G50460",2
"AT5G50670",2
"AT5G50820",2
"AT5G51290",2
"AT5G51440",2
"AT5G51630",2
"AT5G51710",2
"AT5G52250",1
"AT5G52740",2
"AT5G53360",1
"AT5G53486",1
"AT5G53550",2
"AT5G53820",2
"AT5G53830",2
"AT5G54095-AT5G54100",2
"AT5G54100",2
"AT5G54110",3
"AT5G54780",2
"AT5G54970",2
"AT5G55070",2
"AT5G55200",2
"AT5G55850",2
"AT5G55930",2
"AT5G56030",2
"AT5G56350",2
"AT5G57060",2
"AT5G57760",3
"AT5G58370-AT5G58375",2
"AT5G58620",2
"AT5G58670",2
"AT5G58680",2
"AT5G58730",2
"AT5G58787",2
"AT5G59400",3
"AT5G59480",3
"AT5G59510",1
"AT5G59580",2
"AT5G59790",2
"AT5G60270",2
"AT5G60700",2
"AT5G61250",2
"AT5G61790",2
"AT5G61900-AT5G61910",2
"AT5G63010",2
"AT5G63850",3
"AT5G64100",5
"AT5G64120",2
"AT5G64240",2
"AT5G64260",1
"AT5G64510",2
"AT5G64810-AT5G64813",2
"AT5G65110",2
"AT5G65210",2
"AT5G65240",2
"AT5G65270",2
"AT5G65610",1
"AT5G66170",2
"AT5G66200",2
"AT5G66390",2
"AT5G66620",3
"AT5G66630",2
"AT5G66690",2
"AT5G67250",2
"AT5G67540",2
"AT5G67600",3
"AT1G17610",2
"AT1G27020",2
"AT1G55230",1
"AT1G60850",1
"AT1G72890",3
"AT2G02750",5
"AT2G07669-AT2G07678",4
"AT3G09160",5
"AT3G09440",4
"AT3G22275",1
"AT3G25890",1
"AT3G45060",3
"AT3G50140",2
"AT4G02220",2
"AT4G04435",4
"AT4G16700",2
"AT4G31790",1
"AT4G34530",4
"AT4G37210-AT4G37220",5
"AT5G06570",1
"AT5G11240",1
"AT5G14000",5
"AT5G61770",1
"AT1G07500",3
"AT1G07887",2
"AT1G08230",1
"AT1G08630",3
"AT1G08657",4
"AT1G17720",1
"AT1G18590",3
"AT1G18745",2
"AT1G19050",3
"AT1G21529",2
"AT1G31570",4
"AT1G37130",3
"AT1G48510",2
"AT1G54270",2
"AT1G57765",1
"AT1G58170",1
"AT1G60470",2
"AT1G61890",3
"AT1G66780",2
"AT1G67100",2
"AT1G69290",5
"AT1G72240",3
"AT1G77370",2
"AT1G77420-AT1G77440",2
"AT1G78600",1
"AT1G80280",2
"AT2G00340",2
"AT2G02120",1
"AT2G02350-AT2G02360",2
"AT2G11270",2
"AT2G22475",2
"AT2G22630",2
"AT2G22770",1
"AT2G31585",2
"AT2G32800",2
"AT2G38230",3
"AT2G39435",1
"AT2G39440",4
"AT2G42760",3
"AT2G46610-AT2G46620",1
"AT2G47830",2
"AT3G03030",6
"AT3G03320",1
"AT3G05890",3
"AT3G06330",3
"AT3G12380",3
"AT3G12502",2
"AT3G14440",3
"AT3G14870",1
"AT3G16470",1
"AT3G20898",1
"AT3G21650",1
"AT3G24500",3
"AT3G46520",2
"AT3G50800",3
"AT3G57740",2
"AT4G02380",2
"AT4G08245",2
"AT4G11350",3
"AT4G11485",3
"AT4G13195",1
"AT4G15093",1
"AT4G16000",1
"AT4G19230",1
"AT4G28290",3
"AT4G35060",3
"AT5G14640",2
"AT5G15240",1
"AT5G15265",2
"AT5G15490",1
"AT5G15940",2
"AT5G16570",2
"AT5G22850",1
"AT5G24270",1
"AT5G26749",1
"AT5G34851",3
"AT5G35320",2
"AT5G38300",1
"AT5G39390",2
"AT5G40460",2
"AT5G51680",2
"AT5G53760",2
"AT5G54280",3
"AT5G57000",1
"AT5G59150",1
"AT5G65170",1
"AT5G65790",1
"AT5G65890",3
"AT5G66730",2
"AT5G67210",3
"AT1G05470",5
"AT1G11350-AT1G11360",6
"AT1G15040",5
"AT1G18690-AT1G18700",2
"AT1G19750",5
"AT1G26200",2
"AT1G44890",1
"AT1G53490",2
"AT1G54960",1
"AT1G62420",2
"AT1G63380",2
"AT1G74200-AT1G74205",2
"AT1G78000",1
"AT2G17740",3
"AT2G19390",4
"AT2G34390",5
"AT2G39200",2
"AT3G01840",2
"AT3G04700",2
"AT3G11000",2
"AT3G21020",5
"AT3G22400",1
"AT3G27620",5
"AT3G28510",2
"AT3G42180",2
"AT3G46280",2
"AT3G48900",5
"AT3G49550-AT3G49560",5
"AT3G53360",5
"AT3G54270",5
"AT3G60470",2
"AT4G04190",5
"AT4G11920",5
"AT4G34190-AT4G34200",2
"AT4G39780",3
"AT5G25790",1
"AT5G38340",2
"AT5G38650-AT5G38660",5
"AT5G39785",2
"AT5G42120",5
"AT5G43155",1
"AT5G44575",3
"AT5G60470",5
"AT5G66631",1
"AT1G01650",1
"AT1G01940",1
"AT1G02570",2
"AT1G02850",2
"AT1G03060",2
"AT1G03110",1
"AT1G04267-AT1G04273-AT1G04277-AT1G04480",1
"AT1G04513",3
"AT1G04555",2
"AT1G04730",1
"AT1G05927",1
"AT1G06033-AT1G26880",1
"AT1G06380",1
"AT1G06515",1
"AT1G07893",3
"AT1G07957-AT1G54270",2
"AT1G09210",2
"AT1G09330",2
"AT1G09630",2
"AT1G10290",2
"AT1G10410",1
"AT1G10630",2
"AT1G11185",2
"AT1G11890",2
"AT1G13160",1
"AT1G14010",2
"AT1G14020",1
"AT1G14120",2
"AT1G14300",1
"AT1G14320",1
"AT1G14670",2
"AT1G14810",1
"AT1G17745",2
"AT1G19640",3
"AT1G21750",1
"AT1G22200",2
"AT1G22403",1
"AT1G22960",2
"AT1G23490",2
"AT1G24180",1
"AT1G24270",1
"AT1G25425",3
"AT1G26750",2
"AT1G27390",2
"AT1G27760",2
"AT1G27970",2
"AT1G28210",2
"AT1G29060",2
"AT1G29940",1
"AT1G30890",2
"AT1G31660",1
"AT1G31817",1
"AT1G32640",1
"AT1G44900",1
"AT1G47750",2
"AT1G48970",2
"AT1G49960",2
"AT1G51770",2
"AT1G54010",2
"AT1G54020",1
"AT1G55020",3
"AT1G55080",2
"AT1G55535",1
"AT1G56330",2
"AT1G56340",2
"AT1G58380",1
"AT1G59820",2
"AT1G61730",1
"AT1G61740",3
"AT1G61770",2
"AT1G61870",1
"AT1G62660",3
"AT1G62740",2
"AT1G62760",2
"AT1G63220",1
"AT1G64200",3
"AT1G65250",2
"AT1G65390",2
"AT1G66070",1
"AT1G66390",3
"AT1G66620",1
"AT1G66740",3
"AT1G67620",1
"AT1G68310",2
"AT1G69250",2
"AT1G69900",2
"AT1G69910",2
"AT1G70770",2
"AT1G71692",2
"AT1G71780",2
"AT1G72470",2
"AT1G74030",2
"AT1G74450",2
"AT1G75670",1
"AT1G78120",3
"AT1G78570",3
"AT1G78940",2
"AT1G79930",1
"AT1G80710",1
"AT2G01370",2
"AT2G03800",2
"AT2G04305",2
"AT2G05220",1
"AT2G06895",1
"AT2G07671",3
"AT2G07690",1
"AT2G08650-AT2G34110",3
"AT2G08765-AT2G08770-AT2G35744-AT2G35747-AT2G35750",3
"AT2G09815-AT2G47170",3
"AT2G09990",2
"AT2G13980",2
"AT2G14460",1
"AT2G14750",3
"AT2G15292",1
"AT2G16460",3
"AT2G17250",1
"AT2G17730",1
"AT2G18220",1
"AT2G18330",1
"AT2G19640",2
"AT2G20450",1
"AT2G20760",2
"AT2G20940",1
"AT2G21160",2
"AT2G24490",1
"AT2G24500",1
"AT2G25870",1
"AT2G26980",1
"AT2G27580",2
"AT2G28600",1
"AT2G29570",1
"AT2G30870",1
"AT2G31060",1
"AT2G31270",1
"AT2G31390",2
"AT2G31410",1
"AT2G32220",1
"AT2G32380",2
"AT2G32920",1
"AT2G34070",3
"AT2G36300",2
"AT2G36590",3
"AT2G36880",3
"AT2G37040",3
"AT2G37250",2
"AT2G37550",2
"AT2G37560",1
"AT2G37580",1
"AT2G38750",3
"AT2G39020",1
"AT2G39050",2
"AT2G39770",3
"AT2G43150",2
"AT2G43640",2
"AT2G44660",3
"AT2G45290",2
"AT2G45540",1
"AT2G46170",2
"AT2G47470",2
"AT3G01640",2
"AT3G01930",2
"AT3G02560",1
"AT3G03060",1
"AT3G03160",2
"AT3G04710",1
"AT3G04840",1
"AT3G05280",2
"AT3G05500",3
"AT3G06370",3
"AT3G06433",5
"AT3G07715-AT3G07725-AT3G07735-AT3G47342-AT3G47347-AT3G47348",1
"AT3G07860",5
"AT3G08580",2
"AT3G08630",1
"AT3G08980",1
"AT3G09795",1
"AT3G09875",2
"AT3G10610",1
"AT3G10660",1
"AT3G10750",2
"AT3G13230",1
"AT3G13940",1
"AT3G14740",1
"AT3G15980",2
"AT3G18760",1
"AT3G21480",1
"AT3G22310",1
"AT3G22942-AT3G22945",2
"AT3G23740",1
"AT3G24440",2
"AT3G24506",2
"AT3G26340",2
"AT3G27010",2
"AT3G27550",1
"AT3G28153",2
"AT3G44430",3
"AT3G46845",1
"AT3G48990",2
"AT3G49940",1
"AT3G50030",2
"AT3G50310",2
"AT3G50760",3
"AT3G50920",2
"AT3G52770",2
"AT3G53000",2
"AT3G53260",3
"AT3G54320",2
"AT3G54650",1
"AT3G55110",3
"AT3G55370",1
"AT3G55600",2
"AT3G56030",2
"AT3G57490",1
"AT3G58660",1
"AT3G59670",1
"AT3G60360",1
"AT3G60800",2
"AT3G61560",3
"AT3G63050",2
"AT3G63420",2
"AT3G63440",1
"AT4G00570",2
"AT4G01560",1
"AT4G01660",2
"AT4G02930",1
"AT4G03340",3
"AT4G03550",2
"AT4G05440",2
"AT4G09300",2
"AT4G09805",4
"AT4G09845-AT4G39361-AT4G39363-AT4G39364-AT4G39366",2
"AT4G09925-AT4G39838",3
"AT4G10450",1
"AT4G10480",1
"AT4G12620",1
"AT4G16630",1
"AT4G17240",1
"AT4G19180",2
"AT4G19440",2
"AT4G20460-AT4G20470-AT4G20480",2
"AT4G21410",2
"AT4G21700",2
"AT4G22320",2
"AT4G22910",2
"AT4G24170",2
"AT4G24190",2
"AT4G24820-AT4G24830",2
"AT4G24830",2
"AT4G25340",1
"AT4G25730",1
"AT4G27500",2
"AT4G30860",1
"AT4G31340",1
"AT4G31700",1
"AT4G31770",2
"AT4G31960",2
"AT4G32200",2
"AT4G34570",2
"AT4G34590",1
"AT4G34660",2
"AT4G34740",2
"AT4G35165",1
"AT4G36130",1
"AT4G36220",2
"AT4G36680",1
"AT4G37910",1
"AT4G39870-AT4G39880",1
"AT4G39880",1
"AT4G39990",1
"AT5G01495-AT5G01505-AT5G01515-AT5G08180",1
"AT5G01810",3
"AT5G02430",1
"AT5G02590",3
"AT5G03204",1
"AT5G04330",3
"AT5G06110",2
"AT5G07340",1
"AT5G07350",2
"AT5G08020",1
"AT5G08805-AT5G57870",2
"AT5G10840",2
"AT5G11230",3
"AT5G12890",2
"AT5G14040",2
"AT5G14520",1
"AT5G15650",1
"AT5G15750",1
"AT5G16690",1
"AT5G16930",1
"AT5G17330",2
"AT5G18520",1
"AT5G19100",2
"AT5G19440",2
"AT5G20020",1
"AT5G20160",1
"AT5G20600",1
"AT5G20810",2
"AT5G21105",1
"AT5G22790",1
"AT5G23395",1
"AT5G23710",2
"AT5G26667",1
"AT5G26860",1
"AT5G27770",1
"AT5G28050",3
"AT5G28235",2
"AT5G35620",1
"AT5G40000",2
"AT5G44635",1
"AT5G44860",2
"AT5G45570",2
"AT5G45750",1
"AT5G46740",1
"AT5G48240",1
"AT5G48530",2
"AT5G52320",1
"AT5G52570",3
"AT5G52882",1
"AT5G55920",1
"AT5G56010",2
"AT5G56170",2
"AT5G56950",1
"AT5G59560",2
"AT5G59850",1
"AT5G60790",2
"AT5G61240",3
"AT5G63980",1
"AT5G64090",2
"AT5G64400",2
"AT5G64710",1
"AT5G64950",1
"AT5G65140",3
"AT5G65870",1
"AT5G66760",3
"AT5G67070",3
"AT5G67500",2
"ATMG01280",2
"AT1G01290",3
"AT1G01820",1
"AT1G05287",2
"AT1G06173",5
"AT1G07050",5
"AT1G07150",2
"AT1G07920",5
"AT1G10588",2
"AT1G18850",1
"AT1G20380",1
"AT1G27470",1
"AT1G29340",2
"AT1G32170",1
"AT1G55040",1
"AT1G55820",1
"AT1G63090",3
"AT1G63530",2
"AT1G68050",5
"AT1G68990",1
"AT1G71820",2
"AT1G76130",3
"AT1G79490-AT1G79500",2
"AT2G07015",5
"AT2G27200",1
"AT3G00410",1
"AT3G03110",1
"AT3G04050",2
"AT3G04770",2
"AT3G05320",3
"AT3G05380",1
"AT3G11220",1
"AT3G18915",1
"AT3G21540",1
"AT3G30720",6
"AT3G46680",2
"AT3G48835",5
"AT3G55880",2
"AT3G61160",1
"AT3G61340",2
"AT4G03515",5
"AT4G04790",1
"AT4G09030",3
"AT4G10380",1
"AT4G11070",2
"AT4G19360",2
"AT4G30270",1
"AT4G32300",2
"AT4G32510",1
"AT4G34410",2
"AT4G36820",2
"AT4G36850",5
"AT4G37295",3
"AT4G40085",1
"AT5G03690",2
"AT5G07100",2
"AT5G09395",4
"AT5G23235",5
"AT5G24620",5
"AT5G35205",2
"AT5G40160-AT5G40170",1
"AT5G41730",2
"AT5G44460",2
"AT5G47980",2
"AT5G57630",1
"AT5G60310",2
"AT1G04017",3
"AT1G06153",2
"AT1G07920-AT1G44370",6
"AT1G08650",1
"AT1G08857",2
"AT1G11572",2
"AT1G18010",3
"AT1G19190",5
"AT1G26960",2
"AT1G26970",2
"AT1G47480",2
"AT1G58225",2
"AT1G63930",2
"AT1G66170",2
"AT1G68330",2
"AT1G75040",2
"AT2G06045",2
"AT2G17050-AT2G17055",2
"AT2G30070",1
"AT3G00280",2
"AT3G16870",1
"AT3G25730",1
"AT3G29034",2
"AT3G60580",2
"AT4G13890",2
"AT5G04770",5
"AT5G09805",2
"AT5G15890",2
"AT5G23490",2
"AT5G35935",5
"AT5G38280",3
"AT5G39360",2
"AT5G56510",2
"AT5G62770",2
"AT1G02060",5
"AT1G02300",5
"AT1G05333",2
"AT1G05750",5
"AT1G06980",6
"AT1G08610",5
"AT1G08645",1
"AT1G08647-AT1G63990",6
"AT1G08723",5
"AT1G09710",5
"AT1G09925",6
"AT1G10760",5
"AT1G11700",6
"AT1G11900",5
"AT1G13970",3
"AT1G14210",6
"AT1G14700",6
"AT1G15510",5
"AT1G16410",6
"AT1G16630",5
"AT1G18710",5
"AT1G20190",6
"AT1G20230",5
"AT1G20840",5
"AT1G21650",5
"AT1G21651",6
"AT1G22570",5
"AT1G28715",5
"AT1G29170",6
"AT1G30840",5
"AT1G31230",6
"AT1G31770",5
"AT1G31910",5
"AT1G32415",5
"AT1G34160",5
"AT1G35260",6
"AT1G48175",5
"AT1G48960",6
"AT1G49720",5
"AT1G51080",5
"AT1G51090",5
"AT1G53100",5
"AT1G53160",6
"AT1G54730",6
"AT1G56010",5
"AT1G59990",5
"AT1G61970",5
"AT1G62910",5
"AT1G65900",5
"AT1G65920",6
"AT1G68220",5
"AT1G70640",5
"AT1G70890",6
"AT1G71260",5
"AT1G71460",5
"AT1G71870",6
"AT1G73310",5
"AT1G73570",6
"AT1G74940",5
"AT1G76880",6
"AT1G78060",6
"AT1G78930",5
"AT1G79560",5
"AT2G03310",5
"AT2G06002",6
"AT2G07325",6
"AT2G13420",5
"AT2G15490",5
"AT2G15790",5
"AT2G18890",6
"AT2G21710",5
"AT2G22840",5
"AT2G24762",5
"AT2G27190",5
"AT2G28660",5
"AT2G29630",5
"AT2G29890",6
"AT2G31170",5
"AT2G32650",5
"AT2G33735",5
"AT2G33770",6
"AT2G33860",5
"AT2G34190",5
"AT2G34640",5
"AT2G34680",6
"AT2G36570",6
"AT2G36870",6
"AT2G38070",6
"AT2G39140",5
"AT2G39800",6
"AT2G39920",5
"AT2G40480",6
"AT2G41820",6
"AT2G42370",5
"AT2G46110",5
"AT2G46990",6
"AT3G02065-AT3G02070",5
"AT3G03145",2
"AT3G03630",5
"AT3G04380",5
"AT3G04950",5
"AT3G05120",5
"AT3G07730",5
"AT3G13160",5
"AT3G14900",5
"AT3G14940",6
"AT3G16180",5
"AT3G17170",5
"AT3G20440",5
"AT3G21100",5
"AT3G23020",5
"AT3G23870",5
"AT3G26280",6
"AT3G26480",3
"AT3G27180",5
"AT3G27210",5
"AT3G28080",6
"AT3G28130",6
"AT3G29320",5
"AT3G42556",6
"AT3G42670",5
"AT3G48260",6
"AT3G48410",5
"AT3G48500",5
"AT3G49170",5
"AT3G50440",6
"AT3G50840",6
"AT3G50845",5
"AT3G52390",5
"AT3G52680",6
"AT3G52840",6
"AT3G55390",5
"AT3G55610",6
"AT3G57930",5
"AT3G58430",5
"AT3G59390",6
"AT3G63210",5
"AT4G00150",6
"AT4G01670",5
"AT4G03060",6
"AT4G03070",6
"AT4G04810",6
"AT4G04830",6
"AT4G08785",5
"AT4G09500",6
"AT4G11400",6
"AT4G12080",5
"AT4G12540",6
"AT4G12750",5
"AT4G12900",5
"AT4G14100",6
"AT4G14620",6
"AT4G14660",5
"AT4G17880",6
"AT4G17980",5
"AT4G20270",5
"AT4G22760",5
"AT4G23870",5
"AT4G23880",5
"AT4G24210",6
"AT4G25120",5
"AT4G26670",5
"AT4G29110",6
"AT4G30330",6
"AT4G30710",5
"AT4G30720",5
"AT4G33170",5
"AT4G33625",5
"AT4G34020",5
"AT4G34900",5
"AT4G37180",6
"AT4G38280-AT4G38290",5
"AT5G01095",5
"AT5G01910",5
"AT5G02860",5
"AT5G03230",6
"AT5G03800",5
"AT5G05560",5
"AT5G05620",5
"AT5G06000",4
"AT5G07690",6
"AT5G07900",5
"AT5G08210-AT5G08230",5
"AT5G08610",5
"AT5G11100",5
"AT5G16530",6
"AT5G18260",5
"AT5G19210",5
"AT5G20700",6
"AT5G23240",5
"AT5G24010",5
"AT5G24150-AT5G24155",6
"AT5G27400",5
"AT5G37570",5
"AT5G38730",5
"AT5G38860",6
"AT5G40600",6
"AT5G42060",1
"AT5G45140",5
"AT5G45610",5
"AT5G48470",5
"AT5G49110",5
"AT5G49190",5
"AT5G49560",5
"AT5G51350",5
"AT5G51540",5
"AT5G52950",5
"AT5G58480",6
"AT5G58520",6
"AT5G59350",5
"AT5G61420",6
"AT5G63420",5
"AT5G63530",6
"AT5G66440",5
"AT5G66455",6
"ATMG00580",5
"AT1G01420",6
"AT1G01570",4
"AT1G01610",6
"AT1G02110",6
"AT1G02180",5
"AT1G03310",6
"AT1G03830",5
"AT1G04710",6
"AT1G05420",6
"AT1G05460",6
"AT1G05870",6
"AT1G05873",5
"AT1G06177-AT1G28710",5
"AT1G06910",6
"AT1G06993-AT1G36675-AT1G36680",3
"AT1G07280",5
"AT1G09310",6
"AT1G09713",5
"AT1G10370",6
"AT1G10522",5
"AT1G10970",6
"AT1G11130",6
"AT1G11220",5
"AT1G11840",6
"AT1G12330",6
"AT1G13790",6
"AT1G14520",6
"AT1G15165",6
"AT1G15260",6
"AT1G15410",6
"AT1G15580",6
"AT1G15960",3
"AT1G16190",6
"AT1G16340",5
"AT1G16730",6
"AT1G16780",6
"AT1G16825",5
"AT1G17100",6
"AT1G17510",5
"AT1G17920",6
"AT1G18265",5
"AT1G18550",6
"AT1G18840",6
"AT1G19140",6
"AT1G19835",6
"AT1G20030",5
"AT1G21090",6
"AT1G21440",6
"AT1G21880",5
"AT1G22160",6
"AT1G22170",6
"AT1G22760",5
"AT1G24265",5
"AT1G24764",5
"AT1G24792",4
"AT1G24793",5
"AT1G26150",6
"AT1G26230",5
"AT1G26500",5
"AT1G27120",6
"AT1G27480",5
"AT1G27680",5
"AT1G27940",6
"AT1G28610",5
"AT1G28620",4
"AT1G29980",6
"AT1G31070",6
"AT1G31650",6
"AT1G32900",6
"AT1G33260",6
"AT1G33265",5
"AT1G33720",5
"AT1G34044",2
"AT1G34640",6
"AT1G41830",6
"AT1G42550",6
"AT1G44575",6
"AT1G45010",6
"AT1G45110",5
"AT1G45130",6
"AT1G45616",6
"AT1G47370",4
"AT1G47670",5
"AT1G47820",5
"AT1G47900",6
"AT1G48300",6
"AT1G48600",6
"AT1G48745",6
"AT1G48750",6
"AT1G49430",6
"AT1G49580",6
"AT1G49740",6
"AT1G49990",6
"AT1G50240",6
"AT1G50280",6
"AT1G51070",5
"AT1G51140",6
"AT1G51440",6
"AT1G52700",3
"AT1G53000",6
"AT1G53090",6
"AT1G53875",3
"AT1G53900",2
"AT1G54180",6
"AT1G54200",6
"AT1G54310",5
"AT1G55260",6
"AT1G56050",6
"AT1G56170",6
"AT1G56580",6
"AT1G58520",6
"AT1G60000",6
"AT1G60260",6
"AT1G60270",6
"AT1G60700",6
"AT1G60790",6
"AT1G60989",5
"AT1G61930",6
"AT1G62120",5
"AT1G62560",6
"AT1G62710",6
"AT1G62750",6
"AT1G62780",6
"AT1G63850",6
"AT1G64270",5
"AT1G64390",6
"AT1G64530",6
"AT1G64670",6
"AT1G64760",5
"AT1G64770",6
"AT1G64780",6
"AT1G65010",6
"AT1G65380",6
"AT1G65710",5
"AT1G65860",6
"AT1G66820",5
"AT1G67040",6
"AT1G67690",5
"AT1G67750",6
"AT1G68238",6
"AT1G68470",6
"AT1G68570",6
"AT1G69200",5
"AT1G70210",6
"AT1G70250",6
"AT1G70280",6
"AT1G70370",6
"AT1G71710",5
"AT1G72030",3
"AT1G72190",5
"AT1G72230",6
"AT1G72790",5
"AT1G72810",6
"AT1G73040",6
"AT1G73590",6
"AT1G73640",5
"AT1G74090",6
"AT1G74520",5
"AT1G74850",5
"AT1G74880",6
"AT1G75800",5
"AT1G76540",6
"AT1G76740",5
"AT1G78020",6
"AT1G78100",6
"AT1G78510",6
"AT1G78680",6
"AT1G79460",5
"AT1G79640",6
"AT1G80880",5
"AT2G01020",4
"AT2G01120",5
"AT2G01390-AT2G01400-AT2G03975",5
"AT2G01870",5
"AT2G02020",6
"AT2G02740",5
"AT2G03090",4
"AT2G03140",6
"AT2G04030",5
"AT2G04460",5
"AT2G05920",6
"AT2G05990",6
"AT2G08485-AT2G31902",5
"AT2G11810",5
"AT2G14520",5
"AT2G14890",6
"AT2G16890",5
"AT2G18230",6
"AT2G18735",6
"AT2G19620",6
"AT2G19720",6
"AT2G19860",6
"AT2G20724",5
"AT2G20780-AT2G20790",4
"AT2G21050",6
"AT2G21185",6
"AT2G21195",6
"AT2G21210",6
"AT2G21300",6
"AT2G21320",6
"AT2G21330",6
"AT2G21560",6
"AT2G22080",5
"AT2G22170",6
"AT2G22190",5
"AT2G22230",6
"AT2G22920",6
"AT2G23000",6
"AT2G23340",6
"AT2G23670",6
"AT2G23672",6
"AT2G24060",5
"AT2G24120",5
"AT2G24350",6
"AT2G24420",6
"AT2G24630",6
"AT2G26640",6
"AT2G27810",6
"AT2G28150",6
"AT2G28550",6
"AT2G29550",6
"AT2G30920",5
"AT2G31730",3
"AT2G31890",5
"AT2G32290",6
"AT2G32560",6
"AT2G32640",6
"AT2G32970",6
"AT2G33051",5
"AT2G33570",6
"AT2G34150",3
"AT2G34920",6
"AT2G35350",6
"AT2G35370",6
"AT2G35470",6
"AT2G35820",5
"AT2G35830",6
"AT2G35840-AT2G35850",6
"AT2G35860",6
"AT2G36145",5
"AT2G36230",6
"AT2G36390",5
"AT2G36835",5
"AT2G37240",6
"AT2G37630",5
"AT2G37790",6
"AT2G38540",6
"AT2G39240",6
"AT2G40130",5
"AT2G40475",6
"AT2G40840",5
"AT2G40900",6
"AT2G40960",6
"AT2G41330",6
"AT2G41460",5
"AT2G41720",5
"AT2G41950",6
"AT2G42150",6
"AT2G42247",6
"AT2G42510",6
"AT2G42640",5
"AT2G42730",5
"AT2G43360",6
"AT2G43440",5
"AT2G43465",6
"AT2G43500",6
"AT2G43710",6
"AT2G44830",6
"AT2G45600",6
"AT2G45720",5
"AT2G46630",6
"AT2G46790",6
"AT2G47220",5
"AT2G47370",6
"AT2G47830-AT2G47840",5
"AT3G01405-AT3G01425-AT3G04184",5
"AT3G01440",5
"AT3G01790",5
"AT3G01810",6
"AT3G02020",6
"AT3G02060",5
"AT3G02250",6
"AT3G02830",6
"AT3G03250",5
"AT3G03260",5
"AT3G03272",6
"AT3G03770",5
"AT3G03780",6
"AT3G03900",6
"AT3G04160",5
"AT3G04443",6
"AT3G05190",6
"AT3G05410",6
"AT3G05625",6
"AT3G05675",6
"AT3G05750",6
"AT3G06035",6
"AT3G06145",6
"AT3G07130",6
"AT3G07670",5
"AT3G09055-AT3G09060",5
"AT3G09162",5
"AT3G09190",6
"AT3G09550",5
"AT3G10080",3
"AT3G10525",6
"AT3G10840",6
"AT3G11670",6
"AT3G12110",6
"AT3G12915",6
"AT3G12930",5
"AT3G13674",4
"AT3G13920",5
"AT3G14000",5
"AT3G14330",5
"AT3G14810",6
"AT3G14890",6
"AT3G15130",5
"AT3G15354",6
"AT3G15650",6
"AT3G16360",6
"AT3G16560",6
"AT3G16570",6
"AT3G17130",6
"AT3G17668",6
"AT3G18000",5
"AT3G18090",6
"AT3G18110",5
"AT3G18320",5
"AT3G18490",6
"AT3G18800",4
"AT3G18850",6
"AT3G19150",6
"AT3G19370",6
"AT3G19570",6
"AT3G19720",6
"AT3G20640",5
"AT3G21660",3
"AT3G22190",5
"AT3G22550",6
"AT3G22810",6
"AT3G22840",3
"AT3G23340",6
"AT3G23760",5
"AT3G23805",6
"AT3G24000",5
"AT3G24190",6
"AT3G24255",5
"AT3G25110",6
"AT3G25500",6
"AT3G26050",5
"AT3G26570",6
"AT3G26960",6
"AT3G27170",6
"AT3G27220",5
"AT3G27750",6
"AT3G28070",3
"AT3G28420",6
"AT3G30300",6
"AT3G43960",6
"AT3G44120",5
"AT3G46130",6
"AT3G46450",6
"AT3G46970",5
"AT3G47500",6
"AT3G47640",6
"AT3G48200",6
"AT3G48460",6
"AT3G48830",5
"AT3G48920",5
"AT3G49000",5
"AT3G49220",5
"AT3G49290",6
"AT3G49360",6
"AT3G49680",6
"AT3G49900",4
"AT3G51480",5
"AT3G51820",6
"AT3G52180",5
"AT3G52380",5
"AT3G52740",6
"AT3G52920",6
"AT3G52960",5
"AT3G53320",5
"AT3G53760",5
"AT3G53860",5
"AT3G53950",6
"AT3G54090",5
"AT3G54390",3
"AT3G54600",6
"AT3G54820",5
"AT3G54910",6
"AT3G55120",3
"AT3G56080",6
"AT3G56130",6
"AT3G56370",6
"AT3G56960",5
"AT3G57190",5
"AT3G57350",5
"AT3G57780",6
"AT3G58460-AT3G58470",4
"AT3G58975",6
"AT3G59420",6
"AT3G59430",6
"AT3G61750",6
"AT3G61780",5
"AT3G61880",3
"AT3G62100",6
"AT3G62630",5
"AT3G62700",5
"AT3G63200",6
"AT4G00165",5
"AT4G00370",6
"AT4G00490",6
"AT4G00670",6
"AT4G01060",6
"AT4G01190",6
"AT4G01593",6
"AT4G02130",5
"AT4G02430-AT4G02440",4
"AT4G02610",6
"AT4G02710",5
"AT4G03125-AT4G07395",5
"AT4G03415",6
"AT4G03935",5
"AT4G04360-AT4G04370",5
"AT4G04750",3
"AT4G05110",6
"AT4G06536",6
"AT4G08570",6
"AT4G08790",6
"AT4G09020",5
"AT4G09180",6
"AT4G09350",6
"AT4G09810",6
"AT4G09890",6
"AT4G09970",5
"AT4G10120",3
"AT4G12030",6
"AT4G12310",6
"AT4G12320",5
"AT4G12830",6
"AT4G12880",6
"AT4G12917",5
"AT4G13770",6
"AT4G13800",6
"AT4G13990",6
"AT4G14040",6
"AT4G14290",5
"AT4G14380",6
"AT4G14440",6
"AT4G14770",6
"AT4G15440",6
"AT4G15620",5
"AT4G15730",5
"AT4G16540",5
"AT4G16563",5
"AT4G17090",5
"AT4G17550",5
"AT4G17600",6
"AT4G17770",6
"AT4G18270",5
"AT4G18570",6
"AT4G20130",5
"AT4G20350",6
"AT4G20360",6
"AT4G21210",5
"AT4G21550",5
"AT4G21770",5
"AT4G21880",5
"AT4G21930",6
"AT4G22130",6
"AT4G22730",6
"AT4G23000",5
"AT4G23020",6
"AT4G23630",5
"AT4G23930",5
"AT4G24810",5
"AT4G24960",5
"AT4G25600",6
"AT4G25910",6
"AT4G25960",6
"AT4G26430",5
"AT4G26640",3
"AT4G26790",6
"AT4G27595",6
"AT4G27630",6
"AT4G28270",3
"AT4G28320",5
"AT4G28360",6
"AT4G28590",5
"AT4G28660",6
"AT4G29100",3
"AT4G29905",6
"AT4G30000",6
"AT4G30110",6
"AT4G30400",6
"AT4G30830",5
"AT4G31070-AT4G31073",5
"AT4G31115",6
"AT4G31590",6
"AT4G32980",6
"AT4G33030",6
"AT4G34000",6
"AT4G34060",6
"AT4G34260",6
"AT4G34830",5
"AT4G35130",5
"AT4G35290",6
"AT4G35300",5
"AT4G35320",6
"AT4G35640",6
"AT4G35950",6
"AT4G36120",6
"AT4G36180",5
"AT4G36240",6
"AT4G36250",6
"AT4G36380",6
"AT4G36520",5
"AT4G36870",6
"AT4G36910",6
"AT4G37080",6
"AT4G37925",6
"AT4G38050",5
"AT4G38160",5
"AT4G38210",6
"AT4G38330",6
"AT4G38340",5
"AT4G38430",6
"AT4G38770",6
"AT4G38840",6
"AT4G38970",6
"AT4G39210",6
"AT4G39470",6
"AT4G39550",5
"AT4G39730",6
"AT5G00675-AT5G59630",5
"AT5G01220",3
"AT5G01595",6
"AT5G01790",6
"AT5G01890",6
"AT5G01915-AT5G11790",6
"AT5G02560",6
"AT5G02830",3
"AT5G02950",6
"AT5G03305-AT5G21100",6
"AT5G03555",6
"AT5G03650",6
"AT5G05270",3
"AT5G05480",6
"AT5G05960",6
"AT5G06270",6
"AT5G06670",6
"AT5G06695-AT5G45030",3
"AT5G07700",6
"AT5G08370",6
"AT5G08490",5
"AT5G08570",5
"AT5G08600",5
"AT5G08640",6
"AT5G08780",6
"AT5G09315",5
"AT5G09760",6
"AT5G10080",5
"AT5G10480",6
"AT5G10920",6
"AT5G11460",6
"AT5G11470",6
"AT5G11690",6
"AT5G11930",6
"AT5G12080",6
"AT5G12250",6
"AT5G13000",6
"AT5G13400",6
"AT5G13650",6
"AT5G13730",5
"AT5G13930",3
"AT5G14565",6
"AT5G14660",6
"AT5G15025",5
"AT5G15070",6
"AT5G15310",6
"AT5G15330",6
"AT5G15450",6
"AT5G15740",6
"AT5G15770",5
"AT5G15790",6
"AT5G16040",5
"AT5G16540",3
"AT5G16715",6
"AT5G16730",6
"AT5G16990",6
"AT5G19025",5
"AT5G19170",2
"AT5G19470",6
"AT5G19570",5
"AT5G20030",5
"AT5G20150",6
"AT5G20885",6
"AT5G20935",6
"AT5G21430",6
"AT5G22020",6
"AT5G22070",5
"AT5G22340",5
"AT5G22640",5
"AT5G23010",6
"AT5G23060",6
"AT5G23310",5
"AT5G23570",6
"AT5G23810",5
"AT5G23920",6
"AT5G24300",6
"AT5G24750",5
"AT5G25140",6
"AT5G25240",5
"AT5G25590",6
"AT5G26742",5
"AT5G28460",5
"AT5G34795",6
"AT5G35450",6
"AT5G37680",6
"AT5G37790",6
"AT5G37990",6
"AT5G40140",5
"AT5G40150",6
"AT5G40380",6
"AT5G40405",5
"AT5G41315",6
"AT5G41400",6
"AT5G41460",6
"AT5G41620",6
"AT5G41900",6
"AT5G42070",6
"AT5G42200",5
"AT5G42760",6
"AT5G42840",6
"AT5G43150",6
"AT5G43270",6
"AT5G43330",5
"AT5G43630",6
"AT5G43990",6
"AT5G44130",6
"AT5G44410",6
"AT5G44670",6
"AT5G45920",3
"AT5G45960",6
"AT5G46600",5
"AT5G47640",6
"AT5G48460",6
"AT5G48840",5
"AT5G49320",5
"AT5G49330",6
"AT5G50800",6
"AT5G51670",3
"AT5G51820",5
"AT5G52280",6
"AT5G52420",6
"AT5G53048",6
"AT5G54180",5
"AT5G54770",5
"AT5G55210",5
"AT5G55480",6
"AT5G55520",5
"AT5G55730",6
"AT5G55950",5
"AT5G56220",6
"AT5G56590",6
"AT5G57110",5
"AT5G57140-AT5G57150",5
"AT5G57590",6
"AT5G58140",6
"AT5G58260",6
"AT5G58300",5
"AT5G58310",3
"AT5G58690",6
"AT5G58760",6
"AT5G59020",5
"AT5G60450",6
"AT5G60930",6
"AT5G61130",6
"AT5G61350",6
"AT5G61480",5
"AT5G61830",5
"AT5G61940",5
"AT5G62130",6
"AT5G62140",6
"AT5G62820",6
"AT5G62940",6
"AT5G62980",5
"AT5G63630",5
"AT5G64550",5
"AT5G64770",6
"AT5G65010",6
"AT5G65020",6
"AT5G65090",5
"AT5G65410",6
"AT5G65710",6
"AT5G65830",6
"AT5G66460",6
"AT5G66460-AT5G66470",5
"AT5G66470",5
"AT5G67150",6
"AT5G67200",6
"AT5G67280",6
"AT5G67330",6
"AT1G08340",4
"AT1G09827",2
"AT1G09913-AT1G79710",2
"AT1G22250",5
"AT1G51355",5
"AT2G05185",6
"AT2G05815-AT2G05825-AT2G12490",4
"AT2G30790",6
"AT2G42365",6
"AT2G43690",4
"AT2G46192",4
"AT3G52535",3
"AT4G09200",5
"AT4G25635-AT4G25640",4
"AT5G01835",2
"AT5G01940",5
"ATMG01080",5
"AT1G02705",3
"AT1G03420",6
"AT1G03870",6
"AT1G04040",6
"AT1G05700",5
"AT1G06475",6
"AT1G06660",5
"AT1G08090",5
"AT1G09880",5
"AT1G10340",5
"AT1G12672",6
"AT1G16022",5
"AT1G17480",5
"AT1G18415",5
"AT1G20070",3
"AT1G20410",6
"AT1G20930",5
"AT1G23080",5
"AT1G23530",5
"AT1G24260",5
"AT1G25510",6
"AT1G26560",6
"AT1G28660",5
"AT1G31200",5
"AT1G32450",6
"AT1G34065",6
"AT1G47860",5
"AT1G48260",6
"AT1G49750",5
"AT1G52750",6
"AT1G53290",6
"AT1G54330",6
"AT1G59730",6
"AT1G60110",5
"AT1G60960",6
"AT1G62480",3
"AT1G63650",6
"AT1G64430-AT1G64440",6
"AT1G64620",6
"AT1G65845",3
"AT1G65985",6
"AT1G66200",6
"AT1G67780",5
"AT1G68290",6
"AT1G68740",5
"AT1G69580",5
"AT1G70470",5
"AT1G70670",5
"AT1G72275",4
"AT1G73630",6
"AT1G74200",3
"AT1G75710",6
"AT1G75750",6
"AT1G76930",5
"AT1G80050",6
"AT2G01080",5
"AT2G01505",6
"AT2G02130",5
"AT2G05810",6
"AT2G07680",6
"AT2G10045-AT2G18440",5
"AT2G19780",6
"AT2G20240",6
"AT2G20800",5
"AT2G22410",5
"AT2G23950",6
"AT2G25510",5
"AT2G26580",5
"AT2G26840",6
"AT2G29660",6
"AT2G30080",6
"AT2G31560",6
"AT2G31670-AT2G31680",6
"AT2G32590",6
"AT2G34490",6
"AT2G35430",5
"AT2G36830",6
"AT2G37050",6
"AT2G37080",5
"AT2G37130",5
"AT2G37660",5
"AT2G38120",6
"AT2G39830",3
"AT2G41300",5
"AT2G41660",6
"AT2G43445",6
"AT2G43880",5
"AT2G44370",5
"AT2G45900",6
"AT3G01750",5
"AT3G01950",5
"AT3G03450",6
"AT3G05490",6
"AT3G07365",4
"AT3G08040",5
"AT3G09240",6
"AT3G12370-AT3G12380",5
"AT3G12610",6
"AT3G12700",5
"AT3G15180-AT3G15190",5
"AT3G16660",3
"AT3G17626",5
"AT3G17730",5
"AT3G18217",6
"AT3G21351",5
"AT3G21620",4
"AT3G22120",5
"AT3G22970",5
"AT3G23630",6
"AT3G24463",6
"AT3G25590",6
"AT3G28040",6
"AT3G29770",3
"AT3G30775",5
"AT3G43600",6
"AT3G43800",3
"AT3G44940",6
"AT3G45160",6
"AT3G48730",5
"AT3G48740",5
"AT3G48970",5
"AT3G49690",6
"AT3G49930",5
"AT3G50570",3
"AT3G53480",5
"AT3G54400",6
"AT3G54920",5
"AT3G58090",6
"AT3G58940",5
"AT3G62110",5
"AT3G63110",6
"AT4G00040",4
"AT4G00180",6
"AT4G00870",5
"AT4G00950",5
"AT4G01420",6
"AT4G03210",3
"AT4G04293",3
"AT4G04745",3
"AT4G05430",5
"AT4G09550",6
"AT4G12480",6
"AT4G12490",6
"AT4G14020",3
"AT4G14150",6
"AT4G16140",6
"AT4G16400",6
"AT4G16447",5
"AT4G18340",5
"AT4G19530",6
"AT4G22756",6
"AT4G23210",5
"AT4G23400",6
"AT4G23800",5
"AT4G24750",5
"AT4G26200",5
"AT4G27900",5
"AT4G28640",6
"AT4G29080",3
"AT4G30020",5
"AT4G31730",3
"AT4G32290",5
"AT4G32650",5
"AT4G32830",5
"AT4G37450",6
"AT4G37580",6
"AT4G37650",3
"AT4G37800",6
"AT4G38400",6
"AT4G38860",6
"AT4G39770",6
"AT5G01435-AT5G07890-AT5G07910",5
"AT5G01620",6
"AT5G01630",5
"AT5G01660",6
"AT5G03995",5
"AT5G04700",5
"AT5G05180",5
"AT5G05365",6
"AT5G05940",5
"AT5G06050",5
"AT5G06850",3
"AT5G08391",5
"AT5G10170",3
"AT5G10760",5
"AT5G10970",6
"AT5G11550",6
"AT5G13710",5
"AT5G15025-AT5G15030",2
"AT5G16000",6
"AT5G16720",5
"AT5G18020",6
"AT5G18240",6
"AT5G18840",5
"AT5G18930",6
"AT5G18970",5
"AT5G19530",6
"AT5G20850",5
"AT5G22090",6
"AT5G23400",5
"AT5G24200",5
"AT5G24318",5
"AT5G24850",6
"AT5G28030",6
"AT5G35670",5
"AT5G36790",6
"AT5G42100-AT5G42110",6
"AT5G42720",6
"AT5G43350",5
"AT5G43580",5
"AT5G43870",6
"AT5G44020",3
"AT5G44660",5
"AT5G45490",5
"AT5G46700",5
"AT5G47720",6
"AT5G48430",5
"AT5G48850",6
"AT5G50890",3
"AT5G51550",5
"AT5G52730",3
"AT5G52830",6
"AT5G54130",6
"AT5G55090",5
"AT5G58570",5
"AT5G58900",5
"AT5G60200",6
"AT5G61300",5
"AT5G61660",5
"AT5G62670",6
"AT5G63180",6
"AT5G63310",6
"AT5G63540",6
"AT5G63600",5
"AT5G63920",5
"AT5G64970",5
"AT5G65130",5
"AT5G65440",6
"AT5G65683",6
"AT5G65730",3
"AT5G66770",6
"AT5G67270",5
"ATCG01210",5
"AT1G01690-AT1G01695",6
"AT1G04613",4
"AT1G07420",5
"AT1G13270",5
"AT1G19370",5
"AT1G25210",5
"AT1G28690",5
"AT1G29430",6
"AT1G54110",6
"AT1G62770",5
"AT1G65110",5
"AT1G77520",4
"AT1G80800",6
"AT2G21180",6
"AT2G25170",4
"AT2G28420",4
"AT2G35035",4
"AT2G35859",3
"AT2G47480",4
"AT3G00760",4
"AT3G01142",5
"AT3G08570",5
"AT3G12685",6
"AT3G17630",6
"AT3G46580",6
"AT3G49550",1
"AT3G52720",3
"AT4G02425",6
"AT4G14819",6
"AT4G15950",6
"AT4G27740-AT4G27745",3
"AT4G34760",6
"AT4G35987",4
"AT5G36670",1
"AT5G41690",6
"AT5G43210",4
"AT5G43820-AT5G43822",6
"AT5G47710",3
"AT5G57790",6
"AT5G66710",4
"ATCG01020",4
"AT1G01170",5
"AT1G01360",6
"AT1G01448",5
"AT1G01725",6
"AT1G03090",5
"AT1G03130-AT1G03140",6
"AT1G03600",6
"AT1G04240",6
"AT1G04363",3
"AT1G05065",5
"AT1G05140",5
"AT1G05190",5
"AT1G05690",6
"AT1G05970",6
"AT1G06040",6
"AT1G06110",6
"AT1G06645",6
"AT1G06680",6
"AT1G06760",5
"AT1G07110",5
"AT1G07440",6
"AT1G08380",6
"AT1G08520",5
"AT1G08550",5
"AT1G08980",5
"AT1G09010",5
"AT1G09023",6
"AT1G09570",5
"AT1G10210",5
"AT1G10360",6
"AT1G10610",6
"AT1G10682",4
"AT1G10910",5
"AT1G11180",5
"AT1G11530",5
"AT1G12250",6
"AT1G12280",6
"AT1G12780",5
"AT1G13080",6
"AT1G13448",6
"AT1G14150",6
"AT1G14280",6
"AT1G15180",6
"AT1G15230",6
"AT1G15340",6
"AT1G15740",4
"AT1G15980",6
"AT1G16320",6
"AT1G16720",3
"AT1G16880",6
"AT1G17200",5
"AT1G17220",6
"AT1G18330",6
"AT1G18460",6
"AT1G18810",6
"AT1G19000",6
"AT1G19660",4
"AT1G20020",5
"AT1G20650",6
"AT1G20810",6
"AT1G21680",5
"AT1G21790",5
"AT1G22430",5
"AT1G22630",5
"AT1G22740",6
"AT1G25175-AT1G25180-AT1G25209-AT1G25210",4
"AT1G25440",6
"AT1G25530",6
"AT1G26220",6
"AT1G26920",5
"AT1G26945",6
"AT1G27370",3
"AT1G28010",3
"AT1G28100",6
"AT1G28310",5
"AT1G29450",6
"AT1G29500",6
"AT1G29600",6
"AT1G30160",6
"AT1G30260",6
"AT1G31335",6
"AT1G31410",6
"AT1G32060",6
"AT1G33102",3
"AT1G33700",6
"AT1G33780",6
"AT1G35420",6
"AT1G35612",4
"AT1G43650",6
"AT1G43670",6
"AT1G44000",6
"AT1G44446",6
"AT1G48840",6
"AT1G49170-AT1G49180",4
"AT1G49500",6
"AT1G49840",6
"AT1G49880",5
"AT1G49975",6
"AT1G50270",5
"AT1G50290",6
"AT1G50732",6
"AT1G51400",6
"AT1G52150",6
"AT1G52190",6
"AT1G52342",3
"AT1G52870",6
"AT1G53450",5
"AT1G54040",6
"AT1G54385",6
"AT1G54680",5
"AT1G54740",6
"AT1G55000",5
"AT1G55330",6
"AT1G55370",5
"AT1G55673",6
"AT1G56220",5
"AT1G56430",5
"AT1G56600",6
"AT1G56720",6
"AT1G57540",5
"AT1G59840",6
"AT1G60010",6
"AT1G60160",5
"AT1G60460",6
"AT1G60600",5
"AT1G60690",6
"AT1G60800",5
"AT1G61300",3
"AT1G61520",6
"AT1G62630",6
"AT1G63150",5
"AT1G63690",5
"AT1G63800",4
"AT1G64150",5
"AT1G64500",6
"AT1G64680",6
"AT1G64720",6
"AT1G65070",5
"AT1G65230",6
"AT1G66130",6
"AT1G66180",6
"AT1G66330",6
"AT1G66840",6
"AT1G66890",5
"AT1G67265",5
"AT1G67590",6
"AT1G67700",6
"AT1G67740",6
"AT1G68010",6
"AT1G68130",5
"AT1G68780",6
"AT1G69040",5
"AT1G69080",6
"AT1G70420",5
"AT1G70760",6
"AT1G71720",5
"AT1G72640",6
"AT1G72645",6
"AT1G72890-AT1G72900",3
"AT1G73655",5
"AT1G73885",5
"AT1G73920",6
"AT1G74470",6
"AT1G74840",6
"AT1G75100",6
"AT1G75295",6
"AT1G75380",5
"AT1G76080",3
"AT1G76110",6
"AT1G76570",6
"AT1G76720",6
"AT1G76890",6
"AT1G77020",5
"AT1G77060",6
"AT1G77138",6
"AT1G77200",6
"AT1G77480",5
"AT1G77490",6
"AT1G77700",5
"AT1G78170",6
"AT1G78290",6
"AT1G78730",6
"AT1G78750",6
"AT1G78960",5
"AT1G78995",5
"AT1G79040",6
"AT1G80870",6
"AT2G00600",5
"AT2G01620",5
"AT2G01918",6
"AT2G02100",5
"AT2G02765",6
"AT2G03330",6
"AT2G03550",6
"AT2G04690",3
"AT2G04790",6
"AT2G04795",6
"AT2G05070",6
"AT2G05100",6
"AT2G05160",6
"AT2G05310",6
"AT2G06520",6
"AT2G06850",6
"AT2G08275-AT2G28620",6
"AT2G08665",6
"AT2G13360",6
"AT2G14247",5
"AT2G14260",4
"AT2G15020",6
"AT2G15580",6
"AT2G15960",5
"AT2G17550",5
"AT2G17640",6
"AT2G18050",5
"AT2G18710",5
"AT2G20180",6
"AT2G20230",6
"AT2G20260",5
"AT2G20550",5
"AT2G20890",5
"AT2G21170-AT2G21172",5
"AT2G21187",6
"AT2G21970",6
"AT2G22980",5
"AT2G23120",5
"AT2G23360",6
"AT2G23430",6
"AT2G23673",4
"AT2G24230",6
"AT2G24290",6
"AT2G24540",6
"AT2G25590",5
"AT2G26030",6
"AT2G26110",6
"AT2G27120",5
"AT2G27590",3
"AT2G27960",5
"AT2G28305",4
"AT2G29090",6
"AT2G29180",6
"AT2G29280-AT2G29290",4
"AT2G29290-AT2G29300",4
"AT2G30570",6
"AT2G30620",5
"AT2G30960",6
"AT2G31150",5
"AT2G31380",6
"AT2G31750",6
"AT2G32440",6
"AT2G32540",6
"AT2G32710",6
"AT2G33250",6
"AT2G33800",5
"AT2G33810",4
"AT2G34710",6
"AT2G35500",5
"AT2G35660",6
"AT2G35790-AT2G35795",6
"AT2G35950",6
"AT2G36130-AT2G36140-AT2G36145",4
"AT2G36990",5
"AT2G37220",5
"AT2G37900",3
"AT2G38570",6
"AT2G38780",6
"AT2G38970",3
"AT2G38980",6
"AT2G39000",6
"AT2G39375",4
"AT2G39470",6
"AT2G39570",6
"AT2G39730",6
"AT2G40540",6
"AT2G40815",5
"AT2G40880",6
"AT2G41240",5
"AT2G41250",6
"AT2G41290",6
"AT2G41560",5
"AT2G41940",6
"AT2G42040",5
"AT2G42200",5
"AT2G42620",6
"AT2G42690",6
"AT2G42750",6
"AT2G43010",5
"AT2G43200",6
"AT2G43400",6
"AT2G44040",5
"AT2G44920",6
"AT2G45340",6
"AT2G45350",5
"AT2G45560",5
"AT2G45660",5
"AT2G45820",6
"AT2G45830",6
"AT2G45850",5
"AT2G45960",6
"AT2G46250",6
"AT2G46550",5
"AT2G46710",6
"AT2G46730",6
"AT2G46830",6
"AT2G47400",5
"AT2G47700",5
"AT2G47860",5
"AT2G47940",6
"AT3G01660",5
"AT3G01690",6
"AT3G01770",5
"AT3G02690",6
"AT3G03040",6
"AT3G03150",6
"AT3G03710",5
"AT3G03820",6
"AT3G03980",5
"AT3G04140",6
"AT3G04310",6
"AT3G04485",6
"AT3G04730",4
"AT3G05180",6
"AT3G05345",6
"AT3G05350",3
"AT3G06430",5
"AT3G06570",6
"AT3G07310",6
"AT3G07360",6
"AT3G08030",5
"AT3G08940",6
"AT3G08980-AT3G08990",5
"AT3G09050",5
"AT3G09210",5
"AT3G09600",6
"AT3G09860",5
"AT3G10020",5
"AT3G10160",5
"AT3G10190",5
"AT3G10230",6
"AT3G10470",5
"AT3G12320",6
"AT3G12345",6
"AT3G12710",4
"AT3G12920",6
"AT3G13062",3
"AT3G13065",3
"AT3G13450",5
"AT3G14415",6
"AT3G14660",5
"AT3G14690",5
"AT3G15450",5
"AT3G15520",6
"AT3G15750",5
"AT3G15850",6
"AT3G16250",5
"AT3G16750",5
"AT3G17040",6
"AT3G17160",5
"AT3G17470",6
"AT3G17590",5
"AT3G17890",5
"AT3G18390",5
"AT3G18485",3
"AT3G19290",6
"AT3G19470",6
"AT3G19800",6
"AT3G19850",5
"AT3G20120",6
"AT3G20270",6
"AT3G20680",5
"AT3G20820",6
"AT3G21055",6
"AT3G21260",6
"AT3G21270",4
"AT3G21360",6
"AT3G21390",6
"AT3G21755",5
"AT3G21870",6
"AT3G22210",6
"AT3G22420",6
"AT3G23050",6
"AT3G23480",5
"AT3G23700",5
"AT3G23880",3
"AT3G24660",6
"AT3G25690",4
"AT3G26165",5
"AT3G26230",3
"AT3G26240",6
"AT3G26310",6
"AT3G26395",6
"AT3G26650",6
"AT3G26890",6
"AT3G27027",6
"AT3G27050",6
"AT3G28875-AT3G28880",5
"AT3G29631",6
"AT3G29776",6
"AT3G44020",6
"AT3G44610",6
"AT3G45210",6
"AT3G45420",6
"AT3G45680",3
"AT3G45900",6
"AT3G47160",5
"AT3G47430",6
"AT3G47510",6
"AT3G47580",6
"AT3G47600",5
"AT3G48115",5
"AT3G48530",5
"AT3G49140",5
"AT3G49470",5
"AT3G49650",6
"AT3G50685",6
"AT3G50820",6
"AT3G51420",5
"AT3G51510-AT3G51520",6
"AT3G51950",6
"AT3G52060",6
"AT3G52070",6
"AT3G52105",3
"AT3G53240",6
"AT3G53380",6
"AT3G53420",6
"AT3G53470",6
"AT3G53800",5
"AT3G53920",5
"AT3G54360",4
"AT3G54366",5
"AT3G54430",3
"AT3G54890",6
"AT3G55240",6
"AT3G55580",5
"AT3G55630",5
"AT3G56040",6
"AT3G56140",6
"AT3G56408",5
"AT3G56940",6
"AT3G57040",6
"AT3G59110",5
"AT3G59200",4
"AT3G60300",4
"AT3G60530",5
"AT3G61260",5
"AT3G61420",6
"AT3G61430",6
"AT3G61470",6
"AT3G61530",5
"AT3G61830",6
"AT3G61950",6
"AT3G62410",5
"AT3G62470",5
"AT3G62499-AT3G62500-AT3G62510",4
"AT3G62750",5
"AT3G62980",6
"AT3G63140",6
"AT3G63190",5
"AT3G63490",5
"AT4G00752",5
"AT4G01030",5
"AT4G01120",5
"AT4G01130",5
"AT4G01310",6
"AT4G01330",6
"AT4G01915",6
"AT4G01980",4
"AT4G01980-AT4G02795",4
"AT4G02050",6
"AT4G02920",6
"AT4G04040",5
"AT4G04410",6
"AT4G04630",5
"AT4G04850",6
"AT4G05070",5
"AT4G05631",5
"AT4G06110-AT4G13560",6
"AT4G06534-AT4G06535-AT4G06536",6
"AT4G07455-AT4G07507",5
"AT4G09010",6
"AT4G09040",5
"AT4G10060",6
"AT4G10080",4
"AT4G10340",6
"AT4G11900",5
"AT4G12680",6
"AT4G13640",5
"AT4G13830",6
"AT4G14540",6
"AT4G14560",6
"AT4G14750",6
"AT4G15540",5
"AT4G15780",5
"AT4G16190",5
"AT4G17340",6
"AT4G17560",5
"AT4G18370",6
"AT4G18400",5
"AT4G19100",5
"AT4G19170",6
"AT4G19985",6
"AT4G20070",6
"AT4G21190",5
"AT4G21870",6
"AT4G22890",6
"AT4G22990",5
"AT4G23890",6
"AT4G24090",5
"AT4G24700",6
"AT4G24780",3
"AT4G24790",6
"AT4G25080",6
"AT4G25470",5
"AT4G26145",5
"AT4G26530",5
"AT4G26555",4
"AT4G27030",6
"AT4G27740",3
"AT4G28030",6
"AT4G28080",6
"AT4G28750",6
"AT4G29890",5
"AT4G30310",6
"AT4G30690",5
"AT4G32295",6
"AT4G32990",4
"AT4G33000",6
"AT4G33470",5
"AT4G33660",6
"AT4G33670",5
"AT4G34030",5
"AT4G34090",6
"AT4G34560",6
"AT4G34620",6
"AT4G35100",6
"AT4G35270",3
"AT4G35680-AT4G35685",4
"AT4G35780",6
"AT4G35920",6
"AT4G36730",6
"AT4G37330",5
"AT4G37470",6
"AT4G37480",6
"AT4G37550",6
"AT4G37560",3
"AT4G38570",6
"AT4G38690",6
"AT4G38810",6
"AT4G38850",6
"AT4G38932",6
"AT4G39410",6
"AT4G40060",6
"AT5G01260",6
"AT5G01320",4
"AT5G01880-AT5G01881",6
"AT5G01920",6
"AT5G02120",6
"AT5G02250",5
"AT5G02670",6
"AT5G02840",6
"AT5G03180",6
"AT5G03200",5
"AT5G03240",5
"AT5G03530",5
"AT5G03940",5
"AT5G04810",5
"AT5G04880",5
"AT5G05275-AT5G35738",6
"AT5G05550",5
"AT5G05740",6
"AT5G05775",4
"AT5G05790",3
"AT5G06980",6
"AT5G07250",6
"AT5G07840",6
"AT5G07860",5
"AT5G08720",6
"AT5G09660",6
"AT5G09690",5
"AT5G09960",6
"AT5G09990",6
"AT5G10180",6
"AT5G10250",6
"AT5G10800",5
"AT5G10860",5
"AT5G11330",4
"AT5G11580",5
"AT5G13770",6
"AT5G13870",5
"AT5G13980",6
"AT5G14260",6
"AT5G14320",5
"AT5G14350",5
"AT5G14410",6
"AT5G14910",5
"AT5G15850",6
"AT5G15860",3
"AT5G15970",5
"AT5G16310",6
"AT5G16390-AT5G16400",4
"AT5G16400",6
"AT5G16410",3
"AT5G17870",5
"AT5G18080",6
"AT5G18140",6
"AT5G18170",5
"AT5G18245",4
"AT5G18670",6
"AT5G19140",5
"AT5G19430",6
"AT5G19740",6
"AT5G19940",6
"AT5G20040",5
"AT5G20670",5
"AT5G21930",6
"AT5G22050",6
"AT5G22210",4
"AT5G22390",6
"AT5G23050",5
"AT5G23120",6
"AT5G23410",4
"AT5G24000",5
"AT5G24165",6
"AT5G24490",5
"AT5G24800",6
"AT5G24890",6
"AT5G25120",6
"AT5G25630",6
"AT5G26622",5
"AT5G26820",5
"AT5G27290",6
"AT5G27320",5
"AT5G27360",3
"AT5G27730",5
"AT5G27950",6
"AT5G28320",5
"AT5G35750",6
"AT5G35790",6
"AT5G35970",6
"AT5G36170",5
"AT5G37020",6
"AT5G37260",5
"AT5G37290",6
"AT5G38050",6
"AT5G38510",5
"AT5G38520",6
"AT5G38980",3
"AT5G40590",5
"AT5G42240",5
"AT5G42280",6
"AT5G42310",6
"AT5G42825",5
"AT5G43920",6
"AT5G44190",6
"AT5G45310",4
"AT5G45680",4
"AT5G46270",6
"AT5G47040",6
"AT5G47110",6
"AT5G47190",6
"AT5G47390",6
"AT5G48590",5
"AT5G49730",6
"AT5G49740",6
"AT5G49990",5
"AT5G51080",6
"AT5G51545",5
"AT5G51970",4
"AT5G52030",6
"AT5G53020",6
"AT5G53170",6
"AT5G53580",6
"AT5G53880",5
"AT5G53895",4
"AT5G54090",6
"AT5G54145",6
"AT5G54600",6
"AT5G54980",6
"AT5G55010",5
"AT5G55470",5
"AT5G55620",6
"AT5G55840",6
"AT5G55900",6
"AT5G56100",4
"AT5G56120",5
"AT5G56850",6
"AT5G57030",6
"AT5G57100",6
"AT5G57930",6
"AT5G57960",6
"AT5G58070",5
"AT5G58340",6
"AT5G58800",6
"AT5G58960",5
"AT5G59750",6
"AT5G59780",6
"AT5G60850",6
"AT5G61200",6
"AT5G62100",6
"AT5G62430",6
"AT5G63020",6
"AT5G63190",5
"AT5G63700",6
"AT5G63780",5
"AT5G63810",5
"AT5G64330",5
"AT5G64380",5
"AT5G64460",6
"AT5G64840",6
"AT5G65220",6
"AT5G65480",6
"AT5G65760",5
"AT5G66052",5
"AT5G66180",6
"AT5G66490",4
"AT5G66520",6
"AT5G66570",6
"AT5G66580",6
"AT5G67030",6
"AT5G67370",6
"AT5G67385",6
"AT1G01225",6
"AT1G01660",5
"AT1G04760",6
"AT1G05137-AT1G15002",5
"AT1G06683-AT1G33615-AT1G33640",5
"AT1G09947-AT1G79985-AT1G79990",6
"AT1G10850",6
"AT1G11860",6
"AT1G13270-AT1G13280",5
"AT1G14630",6
"AT1G15020",6
"AT1G17970",5
"AT1G19950",6
"AT1G19960",5
"AT1G26218-AT1G26230",4
"AT1G29720",6
"AT1G31580",5
"AT1G47655",6
"AT1G48270",3
"AT1G51100",5
"AT1G52618",5
"AT1G52710",5
"AT1G66140",6
"AT1G70830",5
"AT1G72410",5
"AT1G72500",6
"AT1G74070",4
"AT1G75110",6
"AT1G75690",6
"AT1G78970",5
"AT1G79760",3
"AT1G80170",6
"AT2G01950",6
"AT2G02780",6
"AT2G03420",5
"AT2G05995",6
"AT2G08575",4
"AT2G14045",6
"AT2G15280",6
"AT2G17975",5
"AT2G20250",6
"AT2G20680",6
"AT2G22830",5
"AT2G25480",6
"AT2G25920",3
"AT2G26360",6
"AT2G26760",5
"AT2G30820",6
"AT2G31320",6
"AT2G32500",6
"AT2G34980",3
"AT2G36000",5
"AT2G37678",5
"AT2G40640",5
"AT2G41310",6
"AT2G42190",6
"AT2G42220",6
"AT2G42240",3
"AT3G02870",6
"AT3G03535",3
"AT3G04810",3
"AT3G09160-AT3G09162",6
"AT3G18890",6
"AT3G28370",5
"AT3G45443",6
"AT3G50240",4
"AT3G50685-AT3G50690",6
"AT3G51150",5
"AT3G53680",6
"AT3G53850",6
"AT3G56160",6
"AT4G02875",4
"AT4G03585",6
"AT4G04614",3
"AT4G13500",4
"AT4G14096",4
"AT4G14890",5
"AT4G15510",6
"AT4G15563",5
"AT4G20040",4
"AT4G22360",3
"AT4G22950",2
"AT4G24540",6
"AT4G25260-AT4G25270",5
"AT4G25434",4
"AT4G27700",6
"AT4G28250",6
"AT4G28780",6
"AT4G30250",6
"AT5G00365-AT5G11090",4
"AT5G01530",6
"AT5G05330",6
"AT5G06250",6
"AT5G06290",6
"AT5G06470",3
"AT5G11890",6
"AT5G17670",6
"AT5G18475",6
"AT5G24155",6
"AT5G37630",6
"AT5G39530-AT5G39535",6
"AT5G43700",6
"AT5G44510",6
"AT5G44530",6
"AT5G45660",4
"AT5G50940",4
"AT5G54260",6
"AT5G59662",3
"AT5G65609",2
"AT5G66840",4
"AT1G07367",5
"AT1G09473-AT1G74458",6
"AT1G14071",6
"AT1G14190",6
"AT1G19970",6
"AT1G22490",5
"AT1G23340",6
"AT1G31460",6
"AT1G58210-AT1G58215",6
"AT1G68810",6
"AT1G73210",6
"AT2G01010",6
"AT2G01210",5
"AT2G02741-AT2G02750",1
"AT2G03110",6
"AT2G12460",6
"AT2G17442",5
"AT2G20725",4
"AT2G20815",6
"AT2G20990",5
"AT2G25964",5
"AT2G35210",5
"AT2G36350",6
"AT2G40530",6
"AT3G08775-AT3G56890",6
"AT3G14570",6
"AT3G15395",5
"AT3G17360",6
"AT3G25710",4
"AT3G25870",6
"AT3G29120",6
"AT3G44798",3
"AT3G56970",5
"AT3G62740",5
"AT3G63530",6
"AT4G03275",6
"AT4G05520",6
"AT4G06440-AT4G16920",6
"AT4G09975",4
"AT4G11320",4
"AT4G17680",6
"AT4G24510",6
"AT4G25830",6
"AT4G32710",6
"AT5G01075",6
"AT5G01170-AT5G01175",6
"AT5G04010",6
"AT5G16870",3
"AT5G26670",6
"AT5G34810",5
"AT5G60400",6
