,cl
AT1G01420,11
AT1G02340,11
AT1G04050,11
AT1G08650,11
AT1G24260,11
AT1G47395,11
AT1G52400,11
AT1G52410,11
AT1G68350,11
AT1G78450,11
AT2G01830,11
AT2G06950,11
AT2G16660,11
AT2G16890,11
AT2G17550,11
AT2G32590,11
AT2G39700,11
AT2G43530,11
AT2G43550,11
AT3G12520,11
AT3G14940,11
AT3G16830,11
AT3G25717,11
AT3G30720,11
AT3G46130,11
AT3G53760,11
AT3G60710,11
AT4G04410,11
AT4G04810,11
AT4G04830,11
AT4G05520,11
AT4G17460,11
AT4G20320,11
AT4G27860,11
AT5G02260,11
AT5G04355,11
AT5G05240,11
AT5G05340,11
AT5G08000,11
AT5G09440,11
AT5G13710,11
AT5G23010,11
AT5G27030,11
AT5G27230,11
AT5G54510,11
AT5G57340,11
AT5G60200,11
AT5G60930,11
AT5G64990,11
AT1G03770,11
AT1G05370,11
AT1G07777,11
AT1G12320,11
AT1G14810,11
AT1G28660,11
AT1G36520,11
AT1G36540,11
AT1G37603,11
AT1G40077,11
AT1G41680,11
AT1G51070,11
AT1G54020,11
AT1G60030,11
AT1G60960,11
AT1G65880,11
AT1G70470,11
AT1G77760,11
AT1G80660,11
AT2G05440,11
AT2G05510,11
AT2G09187,11
AT2G16720,11
AT2G18550,11
AT2G18720,11
AT2G25450,11
AT2G26360,11
AT2G36890,11
AT2G37620,11
AT2G44450,11
AT3G02980,11
AT3G10985,11
AT3G14370,11
AT3G16420,11
AT3G23630,11
AT3G47030,11
AT3G49570,11
AT3G50010,11
AT3G50440,11
AT3G55610,11
AT3G63110,11
AT4G00870,11
AT4G06517,11
AT4G06718,11
AT4G09510,11
AT4G10380,11
AT4G15210,11
AT4G15670,11
AT4G23600,11
AT4G30270,11
AT4G36850,11
AT4G37520,11
AT5G02430,11
AT5G10910,11
AT5G10920,11
AT5G10940,11
AT5G10950,11
AT5G18740,11
AT5G19120,11
AT5G23350,11
AT5G23360,11
AT5G23870,11
AT5G24160,11
AT5G24780,11
AT5G27037,11
AT5G32431,11
AT5G36670,11
AT5G41120,11
AT5G46590,11
AT5G53880,11
AT5G57130,11
AT5G60142,11
AT5G65850,11
AT1G01560,5
AT1G01660,5
AT1G04600,5
AT1G07000,5
AT1G07890,5
AT1G09932,5
AT1G10340,5
AT1G11300,5
AT1G13470,5
AT1G13550,5
AT1G15750,5
AT1G21240,5
AT1G21250,5
AT1G23840,5
AT1G23850,5
AT1G24140,5
AT1G34420,5
AT1G34580,5
AT1G35710,5
AT1G47510,5
AT1G52800,5
AT1G53875,5
AT1G56120,5
AT1G56540,5
AT1G56550,5
AT1G57630,5
AT1G58225,5
AT1G58300,5
AT1G65790,5
AT1G66090,5
AT1G66880,5
AT1G66960,5
AT1G68650,5
AT1G72280,5
AT1G72490,5
AT1G73805,5
AT1G74310,5
AT1G75040,5
AT2G04495,5
AT2G13790,5
AT2G17040,5
AT2G17120,5
AT2G18660,5
AT2G21850,5
AT2G24165,5
AT2G24600,5
AT2G26150,5
AT2G26440,5
AT2G28160,5
AT2G30250,5
AT2G31880,5
AT2G32160,5
AT2G32680,5
AT2G33080,5
AT2G33580,5
AT2G34940,5
AT2G37900,5
AT2G38470,5
AT2G44400,5
AT2G47130,5
AT2G47730,5
AT3G00400,5
AT3G00850-AT3G48630,5
AT3G01830,5
AT3G07195,5
AT3G09450,5
AT3G11010,5
AT3G11080,5
AT3G11402,5
AT3G13950,5
AT3G15536,5
AT3G20510,5
AT3G20960,5
AT3G23560,5
AT3G24900,5
AT3G25010,5
AT3G26210,5
AT3G28540,5
AT3G28890,5
AT3G29000,5
AT3G29250,5
AT3G43190,5
AT3G44350,5
AT3G44400,5
AT3G45730,5
AT3G46110,5
AT3G47070,5
AT3G47340,5
AT3G48080,5
AT3G48300,5
AT3G48640,5
AT3G48650,5
AT3G50480,5
AT3G51330,5
AT3G53235,5
AT3G56710,5
AT3G57460,5
AT3G60415,5
AT3G60470,5
AT3G61490,5
AT4G00700,5
AT4G00955-AT4G00960,5
AT4G03450,5
AT4G04490,5
AT4G04500,5
AT4G04510,5
AT4G04540,5
AT4G08470,5
AT4G09770,5
AT4G10500,5
AT4G11000,5
AT4G12720,5
AT4G13900,5
AT4G14365,5
AT4G14390,5
AT4G17470,5
AT4G21840,5
AT4G22530,5
AT4G23140,5
AT4G23150,5
AT4G23180,5
AT4G23200,5
AT4G23220,5
AT4G23230,5
AT4G23310,5
AT4G23320,5
AT4G23610,5
AT4G25070,5
AT4G27280,5
AT4G27740-AT4G27745,5
AT4G28490,5
AT4G33050,5
AT4G37370,5
AT4G38560,5
AT5G03495,5
AT5G07770,5
AT5G07780,5
AT5G08275,5
AT5G10380,5
AT5G10760,5
AT5G22380,5
AT5G22520,5
AT5G24210,5
AT5G24530,5
AT5G25250,5
AT5G25440,5
AT5G26170,5
AT5G26690,5
AT5G26920,5
AT5G27420,5
AT5G35580,5
AT5G38250,5
AT5G41550,5
AT5G41750,5
AT5G42380,5
AT5G42460,5
AT5G42830,5
AT5G45000,5
AT5G45410,5
AT5G45470,5
AT5G47850,5
AT5G52750,5
AT5G52760,5
AT5G54230,5
AT5G54610,5
AT5G55450,5
AT5G55460,5
AT5G59680,5
AT5G60900,5
AT5G64000,5
AT5G64810,5
AT5G64910,5
AT5G66620,5
AT5G66630,5
AT5G66640,5
AT5G67340,5
AT5G67450,5
AT1G01900,5
AT1G02450,5
AT1G03210,5
AT1G09750,5
AT1G11330,5
AT1G12290,5
AT1G12990,5
AT1G16260,5
AT1G17260,5
AT1G17600,5
AT1G17610,5
AT1G19960,5
AT1G21270,5
AT1G23380,5
AT1G24147,5
AT1G24150,5
AT1G30900,5
AT1G32190,5
AT1G33610,5
AT1G48280,5
AT1G49050,5
AT1G52290,5
AT1G53920,5
AT1G74440,5
AT1G74670,5
AT1G74710,5
AT2G04450,5
AT2G14560,5
AT2G15040-AT2G15042,5
AT2G15042,5
AT2G18120,5
AT2G21560,5
AT2G22590,5
AT2G24160,5
AT2G25000,5
AT2G25510,5
AT2G26190,5
AT2G26695,5
AT2G28940,5
AT2G33810,5
AT2G37710,5
AT2G40020,5
AT2G44380,5
AT2G46430,5
AT2G46440,5
AT3G03855,5
AT3G11840,5
AT3G17180,5
AT3G20600,5
AT3G22231,5
AT3G22235,5
AT3G23010,5
AT3G23110,5
AT3G23120,5
AT3G25882,5
AT3G29240,5
AT3G45860,5
AT3G47090,5
AT3G48090,5
AT3G51220,5
AT3G51340,5
AT3G51350,5
AT3G52430,5
AT3G53100,5
AT3G55130,5
AT3G56400,5
AT3G62780,5
AT4G00955,5
AT4G04695,5
AT4G04955,5
AT4G11840,5
AT4G11850,5
AT4G14400,5
AT4G15233,5
AT4G16892,5
AT4G18253,5
AT4G21380,5
AT4G21445,5
AT4G22305,5
AT4G23130,5
AT4G25434,5
AT5G07130,5
AT5G08760,5
AT5G16570,5
AT5G17880,5
AT5G18780,5
AT5G23530,5
AT5G25260,5
AT5G39020,5
AT5G39160,5
AT5G41160,5
AT5G43910,5
AT5G45840,5
AT5G49680,5
AT5G55170,5
AT5G59670,5
AT1G07620,5
AT2G46400,5
AT5G11920,5
AT5G40690,5
AT1G01590,8
AT1G16410,8
AT1G18590,8
AT1G19050,8
AT1G25430,8
AT1G29170,8
AT1G52000,8
AT1G62560,8
AT1G62800,8
AT1G65860,8
AT1G72810,8
AT1G74090,8
AT1G76740,8
AT1G77690,8
AT1G78370,8
AT2G04135,8
AT2G06002,8
AT2G07213,8
AT2G22930,8
AT2G25420,8
AT2G25640,8
AT2G28510,8
AT2G33175,8
AT2G34655,8
AT2G38070,8
AT2G38120,8
AT2G41640-AT2G41650,8
AT2G43100,8
AT2G46970,8
AT3G03190,8
AT3G12920,8
AT3G20100,8
AT3G26520,8
AT3G28220,8
AT3G30122,8
AT3G48260,8
AT3G49680,8
AT3G58990,8
AT3G60170,8
AT4G02825,8
AT4G03060,8
AT4G04845,8
AT4G04865,8
AT4G09970,8
AT4G12030,8
AT4G14040,8
AT4G16370,8
AT4G17980,8
AT4G27370,8
AT4G30110,8
AT4G37540,8
AT4G37580,8
AT4G37800,8
AT4G38620,8
AT4G39940,8
AT5G07690,8
AT5G07700,8
AT5G14200,8
AT5G28335,8
AT5G44575,8
AT5G46665,8
AT5G57880,8
AT5G63450,8
AT5G65010,8
AT5G65140,8
AT5G67150,8
ATCG00940,8
AT2G06850,8
AT2G22800,8
AT2G29660,8
AT3G02020,8
AT3G50070,8
AT4G14770,8
AT1G02930,3
AT1G09180,3
AT1G10585,3
AT1G12160,3
AT1G24470,3
AT1G26770,3
AT1G62540,3
AT1G73540,3
AT1G74810,3
AT2G34150,3
AT2G47180,3
AT3G08770,3
AT3G45680,3
AT4G02420,3
AT4G18970,3
AT5G12940,3
AT5G17780,3
AT5G25490,3
AT5G55250,3
AT1G13650,3
AT1G16390,3
AT1G23390,3
AT1G45191,3
AT1G54820,3
AT1G56020,3
AT1G58290,3
AT1G71330,3
AT1G78260,3
AT2G17780,3
AT2G20750,3
AT2G21140,3
AT2G29180,3
AT2G29290,3
AT2G30500,3
AT3G32980,3
AT3G47295,3
AT3G52720,3
AT4G04760,3
AT4G12980,3
AT4G13577,3
AT4G29080,3
AT5G03350,3
AT5G38210,3
AT5G40330,3
AT1G07400,4
AT1G08430,4
AT1G12080,4
AT1G14185,4
AT1G17030,4
AT1G19630,4
AT1G20390,4
AT1G61170,4
AT1G66020,4
AT1G77520,4
AT2G08735,4
AT2G17470,4
AT2G29500,4
AT2G36355,4
AT2G36885,4
AT2G46070,4
AT3G05470,4
AT3G09350,4
AT3G28840,4
AT4G00780,4
AT4G14480,4
AT4G17480,4
AT4G21650,4
AT4G26140,4
AT5G02170,4
AT5G04370,4
AT5G17700,4
AT5G19600,4
AT5G25980,4
AT5G26000,4
AT5G38200,4
AT5G39190,4
AT5G43040,4
AT5G51440,4
AT5G52640,4
AT1G04920,4
AT1G10230,4
AT1G16960,4
AT1G35310,4
AT1G54790,4
AT1G55180,4
AT1G58070,4
AT1G62290,4
AT1G67626,4
AT2G13610,4
AT2G14900,4
AT2G18480,4
AT2G28580,4
AT3G12710,4
AT3G12730,4
AT3G15400,4
AT3G15570,4
AT3G23340,4
AT3G23840,4
AT3G45638,4
AT3G54430,4
AT4G23500,4
AT4G23990,4
AT4G34320,4
AT5G09320,4
AT5G10336,4
AT5G26030-AT5G26038,4
AT1G07887,2
AT3G15880,2
AT5G11330,2
AT1G10040,1
AT1G19180,1
AT1G20620,1
AT1G26820,1
AT1G27730,1
AT1G32960,1
AT1G35210,1
AT1G47370,1
AT1G53887,1
AT1G58590,1
AT1G60630,1
AT1G65690,1
AT1G66500,1
AT1G72680,1
AT1G73810,1
AT1G76650,1
AT1G80480,1
AT2G01170,1
AT2G04100,1
AT2G22500,1
AT2G33020,1
AT2G38790,1
AT3G10020,1
AT3G11040,1
AT3G16670,1
AT3G23170,1
AT3G25020,1
AT3G43670,1
AT3G46370,1
AT3G48280,1
AT3G49120,1
AT3G52400,1
AT4G11320,1
AT4G11890,1
AT4G26090,1
AT4G32690,1
AT4G33810,1
AT4G37990,1
AT5G05320,1
AT5G12930,1
AT5G13680,1
AT5G22540,1
AT5G22545,1
AT5G22570,1
AT5G37600,1
AT5G51190,1
AT5G59720,1
AT1G10060,1
AT1G11190,1
AT1G14440,1
AT1G22250,1
AT1G26450,1
AT1G43790,1
AT1G52770,1
AT1G60989,1
AT1G71050,1
AT2G36420,1
AT2G40750,1
AT3G11850,1
AT3G47570,1
AT3G49120-AT3G49130,1
AT3G57600,1
AT3G61280,1
AT3G62410,1
AT4G11310,1
AT4G23270,1
AT4G25940,1
AT4G26530,1
AT4G28070,1
AT4G30120,1
AT4G34250,1
AT5G07280,1
AT5G10600,1
AT5G13210,1
AT5G15180,1
AT5G25890,1
AT1G13245,7
AT1G16400,7
AT1G75390,7
AT2G39330,7
AT3G14395,7
AT3G21420,7
AT3G25590,7
AT3G27170,7
AT4G01540,7
AT4G04610,7
AT4G06065,7
AT4G15690,7
AT4G16590,7
AT4G24540,7
AT4G25780,7
AT4G32980,7
AT5G05600,7
AT5G24380,7
AT5G51670,7
AT1G02220,7
AT1G11700,7
AT1G14700,7
AT1G17830,7
AT1G19670,7
AT1G32450,7
AT1G52030,7
AT1G53080,7
AT1G63220,7
AT1G64780,7
AT1G65890,7
AT1G78100,7
AT2G00430-AT2G05950,7
AT2G29340,7
AT2G29350,7
AT2G32530,7
AT2G34070,7
AT2G36870,7
AT2G37590,7
AT2G46640,7
AT2G46690,7
AT3G05320,7
AT3G15510,7
AT3G19270,7
AT3G21250,7
AT3G23000,7
AT3G23930,7
AT3G28270,7
AT3G49580,7
AT4G15440,7
AT4G15700,7
AT4G15710,7
AT4G27730,7
AT4G28790,7
AT4G31910,7
AT4G34760,7
AT4G37140,7
AT4G37530,7
AT4G37610,7
AT5G04950,7
AT5G10930,7
AT5G10945-AT5G10946,7
AT5G13220,7
AT5G17970,7
AT5G20670,7
AT5G27360,7
AT5G38280,7
AT5G45720,7
AT5G48850,7
AT5G59780,7
AT5G65320,7
AT5G67300,7
AT1G66540,7
AT1G25250,10
AT2G05665,10
AT2G41370,10
AT3G16180,10
AT3G62690,10
AT5G23980,10
AT5G44565,10
AT5G46600,10
AT5G49190,10
AT5G52882,10
AT5G60760,10
AT1G01640,10
AT1G10070,10
AT1G10540,10
AT1G11950,10
AT1G63160,10
AT1G67265,10
AT2G16700,10
AT2G42040,10
AT2G43530-AT2G43535,10
AT4G34950,10
AT5G25240,10
AT1G52040,10
AT3G09540,10
AT3G29644,6
AT5G28320,6
AT5G28320-AT5G28330,6
AT5G35935,6
AT1G08940,6
AT1G56010,6
AT4G28390,6
AT1G01070,6
AT1G07887-AT1G53490,6
AT1G47890,6
AT1G75945,6
AT2G00340,6
AT2G08635,6
AT2G31110,6
AT2G44500,6
AT3G28580,6
AT3G33528,6
AT3G57260,6
AT4G22950,6
AT4G25000,6
AT5G18360,6
AT5G40230,6
AT5G07030,9
AT3G22760,9
AT3G50240,9
AT4G16857,9
AT4G16870,9
AT5G44400,9
AT2G40230,9
AT4G39870-AT4G39880,9
AT5G05060,9
AT5G38120,9
AT5G61350,9
